/*
Navicat MySQL Data Transfer

Source Server         : localhost_3306
Source Server Version : 50640
Source Host           : localhost:3306
Source Database       : ry

Target Server Type    : MYSQL
Target Server Version : 50640
File Encoding         : 65001

Date: 2021-04-09 11:25:46
*/

SET FOREIGN_KEY_CHECKS=0;

-- ----------------------------
-- Table structure for act_evt_log
-- ----------------------------
DROP TABLE IF EXISTS `act_evt_log`;
CREATE TABLE `act_evt_log` (
  `LOG_NR_` bigint(20) NOT NULL AUTO_INCREMENT,
  `TYPE_` varchar(64) COLLATE utf8_bin DEFAULT NULL,
  `PROC_DEF_ID_` varchar(64) COLLATE utf8_bin DEFAULT NULL,
  `PROC_INST_ID_` varchar(64) COLLATE utf8_bin DEFAULT NULL,
  `EXECUTION_ID_` varchar(64) COLLATE utf8_bin DEFAULT NULL,
  `TASK_ID_` varchar(64) COLLATE utf8_bin DEFAULT NULL,
  `TIME_STAMP_` timestamp(3) NOT NULL DEFAULT CURRENT_TIMESTAMP(3) ON UPDATE CURRENT_TIMESTAMP(3),
  `USER_ID_` varchar(255) COLLATE utf8_bin DEFAULT NULL,
  `DATA_` longblob,
  `LOCK_OWNER_` varchar(255) COLLATE utf8_bin DEFAULT NULL,
  `LOCK_TIME_` timestamp(3) NULL DEFAULT NULL,
  `IS_PROCESSED_` tinyint(4) DEFAULT '0',
  PRIMARY KEY (`LOG_NR_`)
) ENGINE=InnoDB DEFAULT CHARSET=utf8 COLLATE=utf8_bin;

-- ----------------------------
-- Records of act_evt_log
-- ----------------------------

-- ----------------------------
-- Table structure for act_ge_bytearray
-- ----------------------------
DROP TABLE IF EXISTS `act_ge_bytearray`;
CREATE TABLE `act_ge_bytearray` (
  `ID_` varchar(64) COLLATE utf8_bin NOT NULL,
  `REV_` int(11) DEFAULT NULL,
  `NAME_` varchar(255) COLLATE utf8_bin DEFAULT NULL,
  `DEPLOYMENT_ID_` varchar(64) COLLATE utf8_bin DEFAULT NULL,
  `BYTES_` longblob,
  `GENERATED_` tinyint(4) DEFAULT NULL,
  PRIMARY KEY (`ID_`),
  KEY `ACT_FK_BYTEARR_DEPL` (`DEPLOYMENT_ID_`),
  CONSTRAINT `ACT_FK_BYTEARR_DEPL` FOREIGN KEY (`DEPLOYMENT_ID_`) REFERENCES `act_re_deployment` (`ID_`)
) ENGINE=InnoDB DEFAULT CHARSET=utf8 COLLATE=utf8_bin;

-- ----------------------------
-- Records of act_ge_bytearray
-- ----------------------------
INSERT INTO `act_ge_bytearray` VALUES ('1cd45449-9361-11eb-ac84-005056c00001', '1', 'CreateWithBPMNJS.bpmn', '1cd45448-9361-11eb-ac84-005056c00001', 0x3C3F786D6C2076657273696F6E3D22312E302220656E636F64696E673D225554462D38223F3E0A3C62706D6E323A646566696E6974696F6E7320786D6C6E733A7873693D22687474703A2F2F7777772E77332E6F72672F323030312F584D4C536368656D612D696E7374616E63652220786D6C6E733A62706D6E323D22687474703A2F2F7777772E6F6D672E6F72672F737065632F42504D4E2F32303130303532342F4D4F44454C2220786D6C6E733A62706D6E64693D22687474703A2F2F7777772E6F6D672E6F72672F737065632F42504D4E2F32303130303532342F44492220786D6C6E733A64633D22687474703A2F2F7777772E6F6D672E6F72672F737065632F44442F32303130303532342F44432220786D6C6E733A64693D22687474703A2F2F7777772E6F6D672E6F72672F737065632F44442F32303130303532342F44492220786D6C6E733A61637469766974693D22687474703A2F2F61637469766974692E6F72672F62706D6E222069643D2273616D706C652D6469616772616D22207461726765744E616D6573706163653D22687474703A2F2F61637469766974692E6F72672F62706D6E22207873693A736368656D614C6F636174696F6E3D22687474703A2F2F7777772E6F6D672E6F72672F737065632F42504D4E2F32303130303532342F4D4F44454C2042504D4E32302E787364223E0A20203C62706D6E323A70726F636573732069643D22547269616C72756E22206E616D653D22E9A1B9E79BAEE8AF95E8BF90E8A18C2DE699AEE9809AE8A1A8E58D952220697345786563757461626C653D2274727565223E0A202020203C62706D6E323A73746172744576656E742069643D2273746172746576656E7422206E616D653D227374617274223E0A2020202020203C62706D6E323A6F7574676F696E673E466C6F775F316F327A6770653C2F62706D6E323A6F7574676F696E673E0A202020203C2F62706D6E323A73746172744576656E743E0A202020203C62706D6E323A757365725461736B2069643D22646570744C656164657256657269667922206E616D653D22E983A8E997A8E9A286E5AFBCE5AEA1E689B9222061637469766974693A666F726D4B65793D22646570744C6561646572566572696679222061637469766974693A63616E64696461746555736572733D22247B646570744C65616465727D223E0A2020202020203C62706D6E323A657874656E73696F6E456C656D656E74733E0A20202020202020203C61637469766974693A666F726D50726F70657274792069643D22466F726D50726F70657274795F3270736D3664762D2D5F5F2121726164696F2D2D5F5F2121E5AEA1E689B9E6848FE8A7812D2D5F5F2121692D2D5F5F2121E5908CE6848F2D2D5F5F2D2DE4B88DE5908CE6848F2220747970653D22737472696E6722202F3E0A20202020202020203C61637469766974693A666F726D50726F70657274792069643D22466F726D50726F70657274795F336B6B72636A302D2D5F5F212174657874617265612D2D5F5F2121E689B9E6B3A82D2D5F5F2121665F5F21216E756C6C2220747970653D22737472696E6722202F3E0A2020202020203C2F62706D6E323A657874656E73696F6E456C656D656E74733E0A2020202020203C62706D6E323A696E636F6D696E673E466C6F775F316F327A6770653C2F62706D6E323A696E636F6D696E673E0A2020202020203C62706D6E323A6F7574676F696E673E466C6F775F313539323531613C2F62706D6E323A6F7574676F696E673E0A202020203C2F62706D6E323A757365725461736B3E0A202020203C62706D6E323A73657175656E6365466C6F772069643D22466C6F775F316F327A6770652220736F757263655265663D2273746172746576656E7422207461726765745265663D22646570744C656164657256657269667922202F3E0A202020203C62706D6E323A6578636C7573697665476174657761792069643D22476174657761795F31396675367067223E0A2020202020203C62706D6E323A696E636F6D696E673E466C6F775F313539323531613C2F62706D6E323A696E636F6D696E673E0A2020202020203C62706D6E323A6F7574676F696E673E466C6F775F31766F786B65773C2F62706D6E323A6F7574676F696E673E0A2020202020203C62706D6E323A6F7574676F696E673E466C6F775F306F6A34346D6A3C2F62706D6E323A6F7574676F696E673E0A202020203C2F62706D6E323A6578636C7573697665476174657761793E0A202020203C62706D6E323A73657175656E6365466C6F772069643D22466C6F775F313539323531612220736F757263655265663D22646570744C656164657256657269667922207461726765745265663D22476174657761795F3139667536706722202F3E0A202020203C62706D6E323A757365725461736B2069643D22687256657269667922206E616D653D22E4BABAE4BA8BE5AEA1E689B9222061637469766974693A666F726D4B65793D226872566572696679222061637469766974693A63616E64696461746555736572733D226872223E0A2020202020203C62706D6E323A657874656E73696F6E456C656D656E74733E0A20202020202020203C61637469766974693A666F726D50726F70657274792069643D22466F726D50726F70657274795F303165737136652D2D5F5F2121726164696F2D2D5F5F2121E5AEA1E689B9E6848FE8A7812D2D5F5F2121692D2D5F5F2121E5908CE6848F2D2D5F5F2D2DE4B88DE5908CE6848F2220747970653D22737472696E6722202F3E0A20202020202020203C61637469766974693A666F726D50726F70657274792069643D22466F726D50726F70657274795F336530397065682D2D5F5F212174657874617265612D2D5F5F2121E689B9E6B3A82D2D5F5F2121662D2D5F5F21216E756C6C2220747970653D22737472696E6722202F3E0A2020202020203C2F62706D6E323A657874656E73696F6E456C656D656E74733E0A2020202020203C62706D6E323A696E636F6D696E673E466C6F775F31766F786B65773C2F62706D6E323A696E636F6D696E673E0A2020202020203C62706D6E323A6F7574676F696E673E466C6F775F317039366C38643C2F62706D6E323A6F7574676F696E673E0A202020203C2F62706D6E323A757365725461736B3E0A202020203C62706D6E323A73657175656E6365466C6F772069643D22466C6F775F31766F786B657722206E616D653D22E5908CE6848F2220736F757263655265663D22476174657761795F3139667536706722207461726765745265663D22687256657269667922202F3E0A202020203C62706D6E323A6578636C7573697665476174657761792069643D22476174657761795F313537756A7166223E0A2020202020203C62706D6E323A696E636F6D696E673E466C6F775F317039366C38643C2F62706D6E323A696E636F6D696E673E0A2020202020203C62706D6E323A6F7574676F696E673E466C6F775F3039657A746B773C2F62706D6E323A6F7574676F696E673E0A202020203C2F62706D6E323A6578636C7573697665476174657761793E0A202020203C62706D6E323A73657175656E6365466C6F772069643D22466C6F775F317039366C38642220736F757263655265663D22687256657269667922207461726765745265663D22476174657761795F313537756A716622202F3E0A202020203C62706D6E323A656E644576656E742069643D224576656E745F30786E617A6D7122206E616D653D22456E64223E0A2020202020203C62706D6E323A696E636F6D696E673E466C6F775F3039657A746B773C2F62706D6E323A696E636F6D696E673E0A2020202020203C62706D6E323A696E636F6D696E673E466C6F775F306F6A34346D6A3C2F62706D6E323A696E636F6D696E673E0A202020203C2F62706D6E323A656E644576656E743E0A202020203C62706D6E323A73657175656E6365466C6F772069643D22466C6F775F3039657A746B772220736F757263655265663D22476174657761795F313537756A716622207461726765745265663D224576656E745F30786E617A6D7122202F3E0A202020203C62706D6E323A73657175656E6365466C6F772069643D22466C6F775F306F6A34346D6A2220736F757263655265663D22476174657761795F3139667536706722207461726765745265663D224576656E745F30786E617A6D7122202F3E0A20203C2F62706D6E323A70726F636573733E0A20203C62706D6E64693A42504D4E4469616772616D2069643D2242504D4E4469616772616D5F31223E0A202020203C62706D6E64693A42504D4E506C616E652069643D2242504D4E506C616E655F31222062706D6E456C656D656E743D22547269616C72756E223E0A2020202020203C62706D6E64693A42504D4E456467652069643D22466C6F775F306F6A34346D6A5F6469222062706D6E456C656D656E743D22466C6F775F306F6A34346D6A223E0A20202020202020203C64693A776179706F696E7420783D223638302220793D2232383322202F3E0A20202020202020203C64693A776179706F696E7420783D223638302220793D2234313022202F3E0A20202020202020203C64693A776179706F696E7420783D22313032322220793D2234313022202F3E0A2020202020203C2F62706D6E64693A42504D4E456467653E0A2020202020203C62706D6E64693A42504D4E456467652069643D22466C6F775F3039657A746B775F6469222062706D6E456C656D656E743D22466C6F775F3039657A746B77223E0A20202020202020203C64693A776179706F696E7420783D223934302220793D2232383322202F3E0A20202020202020203C64693A776179706F696E7420783D223934302220793D2234313022202F3E0A20202020202020203C64693A776179706F696E7420783D22313032322220793D2234313022202F3E0A2020202020203C2F62706D6E64693A42504D4E456467653E0A2020202020203C62706D6E64693A42504D4E456467652069643D22466C6F775F317039366C38645F6469222062706D6E456C656D656E743D22466C6F775F317039366C3864223E0A20202020202020203C64693A776179706F696E7420783D223836302220793D2232353822202F3E0A20202020202020203C64693A776179706F696E7420783D223931352220793D2232353822202F3E0A2020202020203C2F62706D6E64693A42504D4E456467653E0A2020202020203C62706D6E64693A42504D4E456467652069643D22466C6F775F31766F786B65775F6469222062706D6E456C656D656E743D22466C6F775F31766F786B6577223E0A20202020202020203C64693A776179706F696E7420783D223730352220793D2232353822202F3E0A20202020202020203C64693A776179706F696E7420783D223736302220793D2232353822202F3E0A20202020202020203C62706D6E64693A42504D4E4C6162656C3E0A202020202020202020203C64633A426F756E647320783D223732312220793D22323430222077696474683D22323422206865696768743D22313422202F3E0A20202020202020203C2F62706D6E64693A42504D4E4C6162656C3E0A2020202020203C2F62706D6E64693A42504D4E456467653E0A2020202020203C62706D6E64693A42504D4E456467652069643D22466C6F775F313539323531615F6469222062706D6E456C656D656E743D22466C6F775F31353932353161223E0A20202020202020203C64693A776179706F696E7420783D223630302220793D2232353822202F3E0A20202020202020203C64693A776179706F696E7420783D223635352220793D2232353822202F3E0A2020202020203C2F62706D6E64693A42504D4E456467653E0A2020202020203C62706D6E64693A42504D4E456467652069643D22466C6F775F316F327A6770655F6469222062706D6E456C656D656E743D22466C6F775F316F327A677065223E0A20202020202020203C64693A776179706F696E7420783D223434382220793D2232353822202F3E0A20202020202020203C64693A776179706F696E7420783D223530302220793D2232353822202F3E0A2020202020203C2F62706D6E64693A42504D4E456467653E0A2020202020203C62706D6E64693A42504D4E53686170652069643D225F42504D4E53686170655F53746172744576656E745F32222062706D6E456C656D656E743D2273746172746576656E74223E0A20202020202020203C64633A426F756E647320783D223431322220793D22323430222077696474683D22333622206865696768743D22333622202F3E0A20202020202020203C62706D6E64693A42504D4E4C6162656C3E0A202020202020202020203C64633A426F756E647320783D223431392220793D22323833222077696474683D22323322206865696768743D22313422202F3E0A20202020202020203C2F62706D6E64693A42504D4E4C6162656C3E0A2020202020203C2F62706D6E64693A42504D4E53686170653E0A2020202020203C62706D6E64693A42504D4E53686170652069643D2241637469766974795F316731316330715F6469222062706D6E456C656D656E743D22646570744C6561646572566572696679223E0A20202020202020203C64633A426F756E647320783D223530302220793D22323138222077696474683D2231303022206865696768743D22383022202F3E0A2020202020203C2F62706D6E64693A42504D4E53686170653E0A2020202020203C62706D6E64693A42504D4E53686170652069643D22476174657761795F313966753670675F6469222062706D6E456C656D656E743D22476174657761795F31396675367067222069734D61726B657256697369626C653D2274727565223E0A20202020202020203C64633A426F756E647320783D223635352220793D22323333222077696474683D22353022206865696768743D22353022202F3E0A2020202020203C2F62706D6E64693A42504D4E53686170653E0A2020202020203C62706D6E64693A42504D4E53686170652069643D2241637469766974795F31756C623471625F6469222062706D6E456C656D656E743D226872566572696679223E0A20202020202020203C64633A426F756E647320783D223736302220793D22323138222077696474683D2231303022206865696768743D22383022202F3E0A2020202020203C2F62706D6E64693A42504D4E53686170653E0A2020202020203C62706D6E64693A42504D4E53686170652069643D22476174657761795F313537756A71665F6469222062706D6E456C656D656E743D22476174657761795F313537756A7166222069734D61726B657256697369626C653D2274727565223E0A20202020202020203C64633A426F756E647320783D223931352220793D22323333222077696474683D22353022206865696768743D22353022202F3E0A2020202020203C2F62706D6E64693A42504D4E53686170653E0A2020202020203C62706D6E64693A42504D4E53686170652069643D224576656E745F30786E617A6D715F6469222062706D6E456C656D656E743D224576656E745F30786E617A6D71223E0A20202020202020203C64633A426F756E647320783D22313032322220793D22333932222077696474683D22333622206865696768743D22333622202F3E0A20202020202020203C62706D6E64693A42504D4E4C6162656C3E0A202020202020202020203C64633A426F756E647320783D22313033302220793D22343335222077696474683D22323122206865696768743D22313422202F3E0A20202020202020203C2F62706D6E64693A42504D4E4C6162656C3E0A2020202020203C2F62706D6E64693A42504D4E53686170653E0A202020203C2F62706D6E64693A42504D4E506C616E653E0A20203C2F62706D6E64693A42504D4E4469616772616D3E0A3C2F62706D6E323A646566696E6974696F6E733E0A, '0');
INSERT INTO `act_ge_bytearray` VALUES ('3fe4ec1c-9361-11eb-ac84-005056c00001', '1', 'CreateWithBPMNJS.bpmn', '3fe4ec1b-9361-11eb-ac84-005056c00001', 0x3C3F786D6C2076657273696F6E3D22312E302220656E636F64696E673D225554462D38223F3E0A3C62706D6E323A646566696E6974696F6E7320786D6C6E733A7873693D22687474703A2F2F7777772E77332E6F72672F323030312F584D4C536368656D612D696E7374616E63652220786D6C6E733A62706D6E323D22687474703A2F2F7777772E6F6D672E6F72672F737065632F42504D4E2F32303130303532342F4D4F44454C2220786D6C6E733A62706D6E64693D22687474703A2F2F7777772E6F6D672E6F72672F737065632F42504D4E2F32303130303532342F44492220786D6C6E733A64633D22687474703A2F2F7777772E6F6D672E6F72672F737065632F44442F32303130303532342F44432220786D6C6E733A64693D22687474703A2F2F7777772E6F6D672E6F72672F737065632F44442F32303130303532342F44492220786D6C6E733A61637469766974693D22687474703A2F2F61637469766974692E6F72672F62706D6E222069643D2273616D706C652D6469616772616D22207461726765744E616D6573706163653D22687474703A2F2F61637469766974692E6F72672F62706D6E22207873693A736368656D614C6F636174696F6E3D22687474703A2F2F7777772E6F6D672E6F72672F737065632F42504D4E2F32303130303532342F4D4F44454C2042504D4E32302E787364223E0A20203C62706D6E323A70726F636573732069643D2246696E616C696E7370656374696F6E22206E616D653D22E9A1B9E79BAEE7BB88E9AA8C2DE699AEE9809AE8A1A8E58D952220697345786563757461626C653D2274727565223E0A202020203C62706D6E323A73746172744576656E742069643D2273746172746576656E7422206E616D653D227374617274223E0A2020202020203C62706D6E323A6F7574676F696E673E466C6F775F316F327A6770653C2F62706D6E323A6F7574676F696E673E0A202020203C2F62706D6E323A73746172744576656E743E0A202020203C62706D6E323A757365725461736B2069643D22646570744C656164657256657269667922206E616D653D22E983A8E997A8E9A286E5AFBCE5AEA1E689B9222061637469766974693A666F726D4B65793D22646570744C6561646572566572696679222061637469766974693A63616E64696461746555736572733D22247B646570744C65616465727D223E0A2020202020203C62706D6E323A657874656E73696F6E456C656D656E74733E0A20202020202020203C61637469766974693A666F726D50726F70657274792069643D22466F726D50726F70657274795F3270736D3664762D2D5F5F2121726164696F2D2D5F5F2121E5AEA1E689B9E6848FE8A7812D2D5F5F2121692D2D5F5F2121E5908CE6848F2D2D5F5F2D2DE4B88DE5908CE6848F2220747970653D22737472696E6722202F3E0A20202020202020203C61637469766974693A666F726D50726F70657274792069643D22466F726D50726F70657274795F336B6B72636A302D2D5F5F212174657874617265612D2D5F5F2121E689B9E6B3A82D2D5F5F2121665F5F21216E756C6C2220747970653D22737472696E6722202F3E0A2020202020203C2F62706D6E323A657874656E73696F6E456C656D656E74733E0A2020202020203C62706D6E323A696E636F6D696E673E466C6F775F316F327A6770653C2F62706D6E323A696E636F6D696E673E0A2020202020203C62706D6E323A6F7574676F696E673E466C6F775F313539323531613C2F62706D6E323A6F7574676F696E673E0A202020203C2F62706D6E323A757365725461736B3E0A202020203C62706D6E323A73657175656E6365466C6F772069643D22466C6F775F316F327A6770652220736F757263655265663D2273746172746576656E7422207461726765745265663D22646570744C656164657256657269667922202F3E0A202020203C62706D6E323A6578636C7573697665476174657761792069643D22476174657761795F31396675367067223E0A2020202020203C62706D6E323A696E636F6D696E673E466C6F775F313539323531613C2F62706D6E323A696E636F6D696E673E0A2020202020203C62706D6E323A6F7574676F696E673E466C6F775F31766F786B65773C2F62706D6E323A6F7574676F696E673E0A2020202020203C62706D6E323A6F7574676F696E673E466C6F775F306F6A34346D6A3C2F62706D6E323A6F7574676F696E673E0A202020203C2F62706D6E323A6578636C7573697665476174657761793E0A202020203C62706D6E323A73657175656E6365466C6F772069643D22466C6F775F313539323531612220736F757263655265663D22646570744C656164657256657269667922207461726765745265663D22476174657761795F3139667536706722202F3E0A202020203C62706D6E323A757365725461736B2069643D22687256657269667922206E616D653D22E4BABAE4BA8BE5AEA1E689B9222061637469766974693A666F726D4B65793D226872566572696679222061637469766974693A63616E64696461746555736572733D226872223E0A2020202020203C62706D6E323A657874656E73696F6E456C656D656E74733E0A20202020202020203C61637469766974693A666F726D50726F70657274792069643D22466F726D50726F70657274795F303165737136652D2D5F5F2121726164696F2D2D5F5F2121E5AEA1E689B9E6848FE8A7812D2D5F5F2121692D2D5F5F2121E5908CE6848F2D2D5F5F2D2DE4B88DE5908CE6848F2220747970653D22737472696E6722202F3E0A20202020202020203C61637469766974693A666F726D50726F70657274792069643D22466F726D50726F70657274795F336530397065682D2D5F5F212174657874617265612D2D5F5F2121E689B9E6B3A82D2D5F5F2121662D2D5F5F21216E756C6C2220747970653D22737472696E6722202F3E0A2020202020203C2F62706D6E323A657874656E73696F6E456C656D656E74733E0A2020202020203C62706D6E323A696E636F6D696E673E466C6F775F31766F786B65773C2F62706D6E323A696E636F6D696E673E0A2020202020203C62706D6E323A6F7574676F696E673E466C6F775F317039366C38643C2F62706D6E323A6F7574676F696E673E0A202020203C2F62706D6E323A757365725461736B3E0A202020203C62706D6E323A73657175656E6365466C6F772069643D22466C6F775F31766F786B657722206E616D653D22E5908CE6848F2220736F757263655265663D22476174657761795F3139667536706722207461726765745265663D22687256657269667922202F3E0A202020203C62706D6E323A6578636C7573697665476174657761792069643D22476174657761795F313537756A7166223E0A2020202020203C62706D6E323A696E636F6D696E673E466C6F775F317039366C38643C2F62706D6E323A696E636F6D696E673E0A2020202020203C62706D6E323A6F7574676F696E673E466C6F775F3039657A746B773C2F62706D6E323A6F7574676F696E673E0A202020203C2F62706D6E323A6578636C7573697665476174657761793E0A202020203C62706D6E323A73657175656E6365466C6F772069643D22466C6F775F317039366C38642220736F757263655265663D22687256657269667922207461726765745265663D22476174657761795F313537756A716622202F3E0A202020203C62706D6E323A656E644576656E742069643D224576656E745F30786E617A6D7122206E616D653D22456E64223E0A2020202020203C62706D6E323A696E636F6D696E673E466C6F775F3039657A746B773C2F62706D6E323A696E636F6D696E673E0A2020202020203C62706D6E323A696E636F6D696E673E466C6F775F306F6A34346D6A3C2F62706D6E323A696E636F6D696E673E0A202020203C2F62706D6E323A656E644576656E743E0A202020203C62706D6E323A73657175656E6365466C6F772069643D22466C6F775F3039657A746B772220736F757263655265663D22476174657761795F313537756A716622207461726765745265663D224576656E745F30786E617A6D7122202F3E0A202020203C62706D6E323A73657175656E6365466C6F772069643D22466C6F775F306F6A34346D6A2220736F757263655265663D22476174657761795F3139667536706722207461726765745265663D224576656E745F30786E617A6D7122202F3E0A20203C2F62706D6E323A70726F636573733E0A20203C62706D6E64693A42504D4E4469616772616D2069643D2242504D4E4469616772616D5F31223E0A202020203C62706D6E64693A42504D4E506C616E652069643D2242504D4E506C616E655F31222062706D6E456C656D656E743D2246696E616C696E7370656374696F6E223E0A2020202020203C62706D6E64693A42504D4E456467652069643D22466C6F775F306F6A34346D6A5F6469222062706D6E456C656D656E743D22466C6F775F306F6A34346D6A223E0A20202020202020203C64693A776179706F696E7420783D223638302220793D2232383322202F3E0A20202020202020203C64693A776179706F696E7420783D223638302220793D2234313022202F3E0A20202020202020203C64693A776179706F696E7420783D22313032322220793D2234313022202F3E0A2020202020203C2F62706D6E64693A42504D4E456467653E0A2020202020203C62706D6E64693A42504D4E456467652069643D22466C6F775F3039657A746B775F6469222062706D6E456C656D656E743D22466C6F775F3039657A746B77223E0A20202020202020203C64693A776179706F696E7420783D223934302220793D2232383322202F3E0A20202020202020203C64693A776179706F696E7420783D223934302220793D2234313022202F3E0A20202020202020203C64693A776179706F696E7420783D22313032322220793D2234313022202F3E0A2020202020203C2F62706D6E64693A42504D4E456467653E0A2020202020203C62706D6E64693A42504D4E456467652069643D22466C6F775F317039366C38645F6469222062706D6E456C656D656E743D22466C6F775F317039366C3864223E0A20202020202020203C64693A776179706F696E7420783D223836302220793D2232353822202F3E0A20202020202020203C64693A776179706F696E7420783D223931352220793D2232353822202F3E0A2020202020203C2F62706D6E64693A42504D4E456467653E0A2020202020203C62706D6E64693A42504D4E456467652069643D22466C6F775F31766F786B65775F6469222062706D6E456C656D656E743D22466C6F775F31766F786B6577223E0A20202020202020203C64693A776179706F696E7420783D223730352220793D2232353822202F3E0A20202020202020203C64693A776179706F696E7420783D223736302220793D2232353822202F3E0A20202020202020203C62706D6E64693A42504D4E4C6162656C3E0A202020202020202020203C64633A426F756E647320783D223732312220793D22323430222077696474683D22323422206865696768743D22313422202F3E0A20202020202020203C2F62706D6E64693A42504D4E4C6162656C3E0A2020202020203C2F62706D6E64693A42504D4E456467653E0A2020202020203C62706D6E64693A42504D4E456467652069643D22466C6F775F313539323531615F6469222062706D6E456C656D656E743D22466C6F775F31353932353161223E0A20202020202020203C64693A776179706F696E7420783D223630302220793D2232353822202F3E0A20202020202020203C64693A776179706F696E7420783D223635352220793D2232353822202F3E0A2020202020203C2F62706D6E64693A42504D4E456467653E0A2020202020203C62706D6E64693A42504D4E456467652069643D22466C6F775F316F327A6770655F6469222062706D6E456C656D656E743D22466C6F775F316F327A677065223E0A20202020202020203C64693A776179706F696E7420783D223434382220793D2232353822202F3E0A20202020202020203C64693A776179706F696E7420783D223530302220793D2232353822202F3E0A2020202020203C2F62706D6E64693A42504D4E456467653E0A2020202020203C62706D6E64693A42504D4E53686170652069643D225F42504D4E53686170655F53746172744576656E745F32222062706D6E456C656D656E743D2273746172746576656E74223E0A20202020202020203C64633A426F756E647320783D223431322220793D22323430222077696474683D22333622206865696768743D22333622202F3E0A20202020202020203C62706D6E64693A42504D4E4C6162656C3E0A202020202020202020203C64633A426F756E647320783D223431392220793D22323833222077696474683D22323322206865696768743D22313422202F3E0A20202020202020203C2F62706D6E64693A42504D4E4C6162656C3E0A2020202020203C2F62706D6E64693A42504D4E53686170653E0A2020202020203C62706D6E64693A42504D4E53686170652069643D2241637469766974795F316731316330715F6469222062706D6E456C656D656E743D22646570744C6561646572566572696679223E0A20202020202020203C64633A426F756E647320783D223530302220793D22323138222077696474683D2231303022206865696768743D22383022202F3E0A2020202020203C2F62706D6E64693A42504D4E53686170653E0A2020202020203C62706D6E64693A42504D4E53686170652069643D22476174657761795F313966753670675F6469222062706D6E456C656D656E743D22476174657761795F31396675367067222069734D61726B657256697369626C653D2274727565223E0A20202020202020203C64633A426F756E647320783D223635352220793D22323333222077696474683D22353022206865696768743D22353022202F3E0A2020202020203C2F62706D6E64693A42504D4E53686170653E0A2020202020203C62706D6E64693A42504D4E53686170652069643D2241637469766974795F31756C623471625F6469222062706D6E456C656D656E743D226872566572696679223E0A20202020202020203C64633A426F756E647320783D223736302220793D22323138222077696474683D2231303022206865696768743D22383022202F3E0A2020202020203C2F62706D6E64693A42504D4E53686170653E0A2020202020203C62706D6E64693A42504D4E53686170652069643D22476174657761795F313537756A71665F6469222062706D6E456C656D656E743D22476174657761795F313537756A7166222069734D61726B657256697369626C653D2274727565223E0A20202020202020203C64633A426F756E647320783D223931352220793D22323333222077696474683D22353022206865696768743D22353022202F3E0A2020202020203C2F62706D6E64693A42504D4E53686170653E0A2020202020203C62706D6E64693A42504D4E53686170652069643D224576656E745F30786E617A6D715F6469222062706D6E456C656D656E743D224576656E745F30786E617A6D71223E0A20202020202020203C64633A426F756E647320783D22313032322220793D22333932222077696474683D22333622206865696768743D22333622202F3E0A20202020202020203C62706D6E64693A42504D4E4C6162656C3E0A202020202020202020203C64633A426F756E647320783D22313033302220793D22343335222077696474683D22323122206865696768743D22313422202F3E0A20202020202020203C2F62706D6E64693A42504D4E4C6162656C3E0A2020202020203C2F62706D6E64693A42504D4E53686170653E0A202020203C2F62706D6E64693A42504D4E506C616E653E0A20203C2F62706D6E64693A42504D4E4469616772616D3E0A3C2F62706D6E323A646566696E6974696F6E733E0A, '0');
INSERT INTO `act_ge_bytearray` VALUES ('611d77ed-86d1-11eb-bff4-0c7a15084ca2', '1', 'CreateWithBPMNJS.bpmn', '611d77ec-86d1-11eb-bff4-0c7a15084ca2', 0x3C3F786D6C2076657273696F6E3D22312E302220656E636F64696E673D225554462D38223F3E0A3C62706D6E323A646566696E6974696F6E7320786D6C6E733A7873693D22687474703A2F2F7777772E77332E6F72672F323030312F584D4C536368656D612D696E7374616E63652220786D6C6E733A62706D6E323D22687474703A2F2F7777772E6F6D672E6F72672F737065632F42504D4E2F32303130303532342F4D4F44454C2220786D6C6E733A62706D6E64693D22687474703A2F2F7777772E6F6D672E6F72672F737065632F42504D4E2F32303130303532342F44492220786D6C6E733A64633D22687474703A2F2F7777772E6F6D672E6F72672F737065632F44442F32303130303532342F44432220786D6C6E733A64693D22687474703A2F2F7777772E6F6D672E6F72672F737065632F44442F32303130303532342F44492220786D6C6E733A61637469766974693D22687474703A2F2F61637469766974692E6F72672F62706D6E222069643D2273616D706C652D6469616772616D22207461726765744E616D6573706163653D22687474703A2F2F61637469766974692E6F72672F62706D6E22207873693A736368656D614C6F636174696F6E3D22687474703A2F2F7777772E6F6D672E6F72672F737065632F42504D4E2F32303130303532342F4D4F44454C2042504D4E32302E787364223E0A20203C62706D6E323A70726F636573732069643D22726571756972656D656E7422206E616D653D22E98082E9858DE99C80E6B182E6B581E7A88B2DE699AEE9809AE8A1A8E58D952220697345786563757461626C653D2274727565223E0A202020203C62706D6E323A73746172744576656E742069643D2273746172746576656E7422206E616D653D227374617274223E0A2020202020203C62706D6E323A6F7574676F696E673E466C6F775F316F327A6770653C2F62706D6E323A6F7574676F696E673E0A202020203C2F62706D6E323A73746172744576656E743E0A202020203C62706D6E323A757365725461736B2069643D22646570744C656164657256657269667922206E616D653D22E983A8E997A8E9A286E5AFBCE5AEA1E689B9222061637469766974693A666F726D4B65793D22646570744C6561646572566572696679222061637469766974693A63616E64696461746555736572733D22247B646570744C65616465727D223E0A2020202020203C62706D6E323A657874656E73696F6E456C656D656E74733E0A20202020202020203C61637469766974693A666F726D50726F70657274792069643D22466F726D50726F70657274795F3270736D3664762D2D5F5F2121726164696F2D2D5F5F2121E5AEA1E689B9E6848FE8A7812D2D5F5F2121692D2D5F5F2121E5908CE6848F2D2D5F5F2D2DE4B88DE5908CE6848F2220747970653D22737472696E6722202F3E0A20202020202020203C61637469766974693A666F726D50726F70657274792069643D22466F726D50726F70657274795F336B6B72636A302D2D5F5F212174657874617265612D2D5F5F2121E689B9E6B3A82D2D5F5F2121665F5F21216E756C6C2220747970653D22737472696E6722202F3E0A2020202020203C2F62706D6E323A657874656E73696F6E456C656D656E74733E0A2020202020203C62706D6E323A696E636F6D696E673E466C6F775F316F327A6770653C2F62706D6E323A696E636F6D696E673E0A2020202020203C62706D6E323A6F7574676F696E673E466C6F775F313539323531613C2F62706D6E323A6F7574676F696E673E0A202020203C2F62706D6E323A757365725461736B3E0A202020203C62706D6E323A73657175656E6365466C6F772069643D22466C6F775F316F327A6770652220736F757263655265663D2273746172746576656E7422207461726765745265663D22646570744C656164657256657269667922202F3E0A202020203C62706D6E323A6578636C7573697665476174657761792069643D22476174657761795F31396675367067223E0A2020202020203C62706D6E323A696E636F6D696E673E466C6F775F313539323531613C2F62706D6E323A696E636F6D696E673E0A2020202020203C62706D6E323A6F7574676F696E673E466C6F775F31766F786B65773C2F62706D6E323A6F7574676F696E673E0A2020202020203C62706D6E323A6F7574676F696E673E466C6F775F306F6A34346D6A3C2F62706D6E323A6F7574676F696E673E0A202020203C2F62706D6E323A6578636C7573697665476174657761793E0A202020203C62706D6E323A73657175656E6365466C6F772069643D22466C6F775F313539323531612220736F757263655265663D22646570744C656164657256657269667922207461726765745265663D22476174657761795F3139667536706722202F3E0A202020203C62706D6E323A757365725461736B2069643D22687256657269667922206E616D653D22E4BABAE4BA8BE5AEA1E689B9222061637469766974693A666F726D4B65793D226872566572696679222061637469766974693A63616E64696461746555736572733D226872223E0A2020202020203C62706D6E323A657874656E73696F6E456C656D656E74733E0A20202020202020203C61637469766974693A666F726D50726F70657274792069643D22466F726D50726F70657274795F303165737136652D2D5F5F2121726164696F2D2D5F5F2121E5AEA1E689B9E6848FE8A7812D2D5F5F2121692D2D5F5F2121E5908CE6848F2D2D5F5F2D2DE4B88DE5908CE6848F2220747970653D22737472696E6722202F3E0A20202020202020203C61637469766974693A666F726D50726F70657274792069643D22466F726D50726F70657274795F336530397065682D2D5F5F212174657874617265612D2D5F5F2121E689B9E6B3A82D2D5F5F2121662D2D5F5F21216E756C6C2220747970653D22737472696E6722202F3E0A2020202020203C2F62706D6E323A657874656E73696F6E456C656D656E74733E0A2020202020203C62706D6E323A696E636F6D696E673E466C6F775F31766F786B65773C2F62706D6E323A696E636F6D696E673E0A2020202020203C62706D6E323A6F7574676F696E673E466C6F775F317039366C38643C2F62706D6E323A6F7574676F696E673E0A202020203C2F62706D6E323A757365725461736B3E0A202020203C62706D6E323A73657175656E6365466C6F772069643D22466C6F775F31766F786B657722206E616D653D22E5908CE6848F2220736F757263655265663D22476174657761795F3139667536706722207461726765745265663D22687256657269667922202F3E0A202020203C62706D6E323A6578636C7573697665476174657761792069643D22476174657761795F313537756A7166223E0A2020202020203C62706D6E323A696E636F6D696E673E466C6F775F317039366C38643C2F62706D6E323A696E636F6D696E673E0A2020202020203C62706D6E323A6F7574676F696E673E466C6F775F3039657A746B773C2F62706D6E323A6F7574676F696E673E0A202020203C2F62706D6E323A6578636C7573697665476174657761793E0A202020203C62706D6E323A73657175656E6365466C6F772069643D22466C6F775F317039366C38642220736F757263655265663D22687256657269667922207461726765745265663D22476174657761795F313537756A716622202F3E0A202020203C62706D6E323A656E644576656E742069643D224576656E745F30786E617A6D7122206E616D653D22456E64223E0A2020202020203C62706D6E323A696E636F6D696E673E466C6F775F3039657A746B773C2F62706D6E323A696E636F6D696E673E0A2020202020203C62706D6E323A696E636F6D696E673E466C6F775F306F6A34346D6A3C2F62706D6E323A696E636F6D696E673E0A202020203C2F62706D6E323A656E644576656E743E0A202020203C62706D6E323A73657175656E6365466C6F772069643D22466C6F775F3039657A746B772220736F757263655265663D22476174657761795F313537756A716622207461726765745265663D224576656E745F30786E617A6D7122202F3E0A202020203C62706D6E323A73657175656E6365466C6F772069643D22466C6F775F306F6A34346D6A2220736F757263655265663D22476174657761795F3139667536706722207461726765745265663D224576656E745F30786E617A6D7122202F3E0A20203C2F62706D6E323A70726F636573733E0A20203C62706D6E64693A42504D4E4469616772616D2069643D2242504D4E4469616772616D5F31223E0A202020203C62706D6E64693A42504D4E506C616E652069643D2242504D4E506C616E655F31222062706D6E456C656D656E743D22726571756972656D656E74223E0A2020202020203C62706D6E64693A42504D4E456467652069643D22466C6F775F316F327A6770655F6469222062706D6E456C656D656E743D22466C6F775F316F327A677065223E0A20202020202020203C64693A776179706F696E7420783D223434382220793D2232353822202F3E0A20202020202020203C64693A776179706F696E7420783D223530302220793D2232353822202F3E0A2020202020203C2F62706D6E64693A42504D4E456467653E0A2020202020203C62706D6E64693A42504D4E456467652069643D22466C6F775F313539323531615F6469222062706D6E456C656D656E743D22466C6F775F31353932353161223E0A20202020202020203C64693A776179706F696E7420783D223630302220793D2232353822202F3E0A20202020202020203C64693A776179706F696E7420783D223635352220793D2232353822202F3E0A2020202020203C2F62706D6E64693A42504D4E456467653E0A2020202020203C62706D6E64693A42504D4E456467652069643D22466C6F775F31766F786B65775F6469222062706D6E456C656D656E743D22466C6F775F31766F786B6577223E0A20202020202020203C64693A776179706F696E7420783D223730352220793D2232353822202F3E0A20202020202020203C64693A776179706F696E7420783D223736302220793D2232353822202F3E0A20202020202020203C62706D6E64693A42504D4E4C6162656C3E0A202020202020202020203C64633A426F756E647320783D223732312220793D22323430222077696474683D22323422206865696768743D22313422202F3E0A20202020202020203C2F62706D6E64693A42504D4E4C6162656C3E0A2020202020203C2F62706D6E64693A42504D4E456467653E0A2020202020203C62706D6E64693A42504D4E456467652069643D22466C6F775F317039366C38645F6469222062706D6E456C656D656E743D22466C6F775F317039366C3864223E0A20202020202020203C64693A776179706F696E7420783D223836302220793D2232353822202F3E0A20202020202020203C64693A776179706F696E7420783D223931352220793D2232353822202F3E0A2020202020203C2F62706D6E64693A42504D4E456467653E0A2020202020203C62706D6E64693A42504D4E456467652069643D22466C6F775F3039657A746B775F6469222062706D6E456C656D656E743D22466C6F775F3039657A746B77223E0A20202020202020203C64693A776179706F696E7420783D223934302220793D2232383322202F3E0A20202020202020203C64693A776179706F696E7420783D223934302220793D2234313022202F3E0A20202020202020203C64693A776179706F696E7420783D22313032322220793D2234313022202F3E0A2020202020203C2F62706D6E64693A42504D4E456467653E0A2020202020203C62706D6E64693A42504D4E456467652069643D22466C6F775F306F6A34346D6A5F6469222062706D6E456C656D656E743D22466C6F775F306F6A34346D6A223E0A20202020202020203C64693A776179706F696E7420783D223638302220793D2232383322202F3E0A20202020202020203C64693A776179706F696E7420783D223638302220793D2234313022202F3E0A20202020202020203C64693A776179706F696E7420783D22313032322220793D2234313022202F3E0A2020202020203C2F62706D6E64693A42504D4E456467653E0A2020202020203C62706D6E64693A42504D4E53686170652069643D225F42504D4E53686170655F53746172744576656E745F32222062706D6E456C656D656E743D2273746172746576656E74223E0A20202020202020203C64633A426F756E647320783D223431322220793D22323430222077696474683D22333622206865696768743D22333622202F3E0A20202020202020203C62706D6E64693A42504D4E4C6162656C3E0A202020202020202020203C64633A426F756E647320783D223431392220793D22323833222077696474683D22323322206865696768743D22313422202F3E0A20202020202020203C2F62706D6E64693A42504D4E4C6162656C3E0A2020202020203C2F62706D6E64693A42504D4E53686170653E0A2020202020203C62706D6E64693A42504D4E53686170652069643D2241637469766974795F316731316330715F6469222062706D6E456C656D656E743D22646570744C6561646572566572696679223E0A20202020202020203C64633A426F756E647320783D223530302220793D22323138222077696474683D2231303022206865696768743D22383022202F3E0A2020202020203C2F62706D6E64693A42504D4E53686170653E0A2020202020203C62706D6E64693A42504D4E53686170652069643D22476174657761795F313966753670675F6469222062706D6E456C656D656E743D22476174657761795F31396675367067222069734D61726B657256697369626C653D2274727565223E0A20202020202020203C64633A426F756E647320783D223635352220793D22323333222077696474683D22353022206865696768743D22353022202F3E0A2020202020203C2F62706D6E64693A42504D4E53686170653E0A2020202020203C62706D6E64693A42504D4E53686170652069643D2241637469766974795F31756C623471625F6469222062706D6E456C656D656E743D226872566572696679223E0A20202020202020203C64633A426F756E647320783D223736302220793D22323138222077696474683D2231303022206865696768743D22383022202F3E0A2020202020203C2F62706D6E64693A42504D4E53686170653E0A2020202020203C62706D6E64693A42504D4E53686170652069643D22476174657761795F313537756A71665F6469222062706D6E456C656D656E743D22476174657761795F313537756A7166222069734D61726B657256697369626C653D2274727565223E0A20202020202020203C64633A426F756E647320783D223931352220793D22323333222077696474683D22353022206865696768743D22353022202F3E0A2020202020203C2F62706D6E64693A42504D4E53686170653E0A2020202020203C62706D6E64693A42504D4E53686170652069643D224576656E745F30786E617A6D715F6469222062706D6E456C656D656E743D224576656E745F30786E617A6D71223E0A20202020202020203C64633A426F756E647320783D22313032322220793D22333932222077696474683D22333622206865696768743D22333622202F3E0A20202020202020203C62706D6E64693A42504D4E4C6162656C3E0A202020202020202020203C64633A426F756E647320783D22313033302220793D22343335222077696474683D22323122206865696768743D22313422202F3E0A20202020202020203C2F62706D6E64693A42504D4E4C6162656C3E0A2020202020203C2F62706D6E64693A42504D4E53686170653E0A202020203C2F62706D6E64693A42504D4E506C616E653E0A20203C2F62706D6E64693A42504D4E4469616772616D3E0A3C2F62706D6E323A646566696E6974696F6E733E0A, '0');
INSERT INTO `act_ge_bytearray` VALUES ('9498d73d-9360-11eb-ac84-005056c00001', '1', 'CreateWithBPMNJS.bpmn', '9498d73c-9360-11eb-ac84-005056c00001', 0x3C3F786D6C2076657273696F6E3D22312E302220656E636F64696E673D225554462D38223F3E0A3C62706D6E323A646566696E6974696F6E7320786D6C6E733A7873693D22687474703A2F2F7777772E77332E6F72672F323030312F584D4C536368656D612D696E7374616E63652220786D6C6E733A62706D6E323D22687474703A2F2F7777772E6F6D672E6F72672F737065632F42504D4E2F32303130303532342F4D4F44454C2220786D6C6E733A62706D6E64693D22687474703A2F2F7777772E6F6D672E6F72672F737065632F42504D4E2F32303130303532342F44492220786D6C6E733A64633D22687474703A2F2F7777772E6F6D672E6F72672F737065632F44442F32303130303532342F44432220786D6C6E733A64693D22687474703A2F2F7777772E6F6D672E6F72672F737065632F44442F32303130303532342F44492220786D6C6E733A61637469766974693D22687474703A2F2F61637469766974692E6F72672F62706D6E222069643D2273616D706C652D6469616772616D22207461726765744E616D6573706163653D22687474703A2F2F61637469766974692E6F72672F62706D6E22207873693A736368656D614C6F636174696F6E3D22687474703A2F2F7777772E6F6D672E6F72672F737065632F42504D4E2F32303130303532342F4D4F44454C2042504D4E32302E787364223E0A20203C62706D6E323A70726F636573732069643D22496D706C656D656E7422206E616D653D22E98082E9858DE5AE9EE696BDE6B581E7A88B2DE699AEE9809AE8A1A8E58D952220697345786563757461626C653D2274727565223E0A202020203C62706D6E323A73746172744576656E742069643D2273746172746576656E7422206E616D653D227374617274223E0A2020202020203C62706D6E323A6F7574676F696E673E466C6F775F316F327A6770653C2F62706D6E323A6F7574676F696E673E0A202020203C2F62706D6E323A73746172744576656E743E0A202020203C62706D6E323A757365725461736B2069643D22646570744C656164657256657269667922206E616D653D22E983A8E997A8E9A286E5AFBCE5AEA1E689B9222061637469766974693A666F726D4B65793D22646570744C6561646572566572696679222061637469766974693A63616E64696461746555736572733D22247B646570744C65616465727D223E0A2020202020203C62706D6E323A657874656E73696F6E456C656D656E74733E0A20202020202020203C61637469766974693A666F726D50726F70657274792069643D22466F726D50726F70657274795F3270736D3664762D2D5F5F2121726164696F2D2D5F5F2121E5AEA1E689B9E6848FE8A7812D2D5F5F2121692D2D5F5F2121E5908CE6848F2D2D5F5F2D2DE4B88DE5908CE6848F2220747970653D22737472696E6722202F3E0A20202020202020203C61637469766974693A666F726D50726F70657274792069643D22466F726D50726F70657274795F336B6B72636A302D2D5F5F212174657874617265612D2D5F5F2121E689B9E6B3A82D2D5F5F2121665F5F21216E756C6C2220747970653D22737472696E6722202F3E0A2020202020203C2F62706D6E323A657874656E73696F6E456C656D656E74733E0A2020202020203C62706D6E323A696E636F6D696E673E466C6F775F316F327A6770653C2F62706D6E323A696E636F6D696E673E0A2020202020203C62706D6E323A6F7574676F696E673E466C6F775F313539323531613C2F62706D6E323A6F7574676F696E673E0A202020203C2F62706D6E323A757365725461736B3E0A202020203C62706D6E323A73657175656E6365466C6F772069643D22466C6F775F316F327A6770652220736F757263655265663D2273746172746576656E7422207461726765745265663D22646570744C656164657256657269667922202F3E0A202020203C62706D6E323A6578636C7573697665476174657761792069643D22476174657761795F31396675367067223E0A2020202020203C62706D6E323A696E636F6D696E673E466C6F775F313539323531613C2F62706D6E323A696E636F6D696E673E0A2020202020203C62706D6E323A6F7574676F696E673E466C6F775F31766F786B65773C2F62706D6E323A6F7574676F696E673E0A2020202020203C62706D6E323A6F7574676F696E673E466C6F775F306F6A34346D6A3C2F62706D6E323A6F7574676F696E673E0A202020203C2F62706D6E323A6578636C7573697665476174657761793E0A202020203C62706D6E323A73657175656E6365466C6F772069643D22466C6F775F313539323531612220736F757263655265663D22646570744C656164657256657269667922207461726765745265663D22476174657761795F3139667536706722202F3E0A202020203C62706D6E323A757365725461736B2069643D22687256657269667922206E616D653D22E4BABAE4BA8BE5AEA1E689B9222061637469766974693A666F726D4B65793D226872566572696679222061637469766974693A63616E64696461746555736572733D226872223E0A2020202020203C62706D6E323A657874656E73696F6E456C656D656E74733E0A20202020202020203C61637469766974693A666F726D50726F70657274792069643D22466F726D50726F70657274795F303165737136652D2D5F5F2121726164696F2D2D5F5F2121E5AEA1E689B9E6848FE8A7812D2D5F5F2121692D2D5F5F2121E5908CE6848F2D2D5F5F2D2DE4B88DE5908CE6848F2220747970653D22737472696E6722202F3E0A20202020202020203C61637469766974693A666F726D50726F70657274792069643D22466F726D50726F70657274795F336530397065682D2D5F5F212174657874617265612D2D5F5F2121E689B9E6B3A82D2D5F5F2121662D2D5F5F21216E756C6C2220747970653D22737472696E6722202F3E0A2020202020203C2F62706D6E323A657874656E73696F6E456C656D656E74733E0A2020202020203C62706D6E323A696E636F6D696E673E466C6F775F31766F786B65773C2F62706D6E323A696E636F6D696E673E0A2020202020203C62706D6E323A6F7574676F696E673E466C6F775F317039366C38643C2F62706D6E323A6F7574676F696E673E0A202020203C2F62706D6E323A757365725461736B3E0A202020203C62706D6E323A73657175656E6365466C6F772069643D22466C6F775F31766F786B657722206E616D653D22E5908CE6848F2220736F757263655265663D22476174657761795F3139667536706722207461726765745265663D22687256657269667922202F3E0A202020203C62706D6E323A6578636C7573697665476174657761792069643D22476174657761795F313537756A7166223E0A2020202020203C62706D6E323A696E636F6D696E673E466C6F775F317039366C38643C2F62706D6E323A696E636F6D696E673E0A2020202020203C62706D6E323A6F7574676F696E673E466C6F775F3039657A746B773C2F62706D6E323A6F7574676F696E673E0A202020203C2F62706D6E323A6578636C7573697665476174657761793E0A202020203C62706D6E323A73657175656E6365466C6F772069643D22466C6F775F317039366C38642220736F757263655265663D22687256657269667922207461726765745265663D22476174657761795F313537756A716622202F3E0A202020203C62706D6E323A656E644576656E742069643D224576656E745F30786E617A6D7122206E616D653D22456E64223E0A2020202020203C62706D6E323A696E636F6D696E673E466C6F775F3039657A746B773C2F62706D6E323A696E636F6D696E673E0A2020202020203C62706D6E323A696E636F6D696E673E466C6F775F306F6A34346D6A3C2F62706D6E323A696E636F6D696E673E0A202020203C2F62706D6E323A656E644576656E743E0A202020203C62706D6E323A73657175656E6365466C6F772069643D22466C6F775F3039657A746B772220736F757263655265663D22476174657761795F313537756A716622207461726765745265663D224576656E745F30786E617A6D7122202F3E0A202020203C62706D6E323A73657175656E6365466C6F772069643D22466C6F775F306F6A34346D6A2220736F757263655265663D22476174657761795F3139667536706722207461726765745265663D224576656E745F30786E617A6D7122202F3E0A20203C2F62706D6E323A70726F636573733E0A20203C62706D6E64693A42504D4E4469616772616D2069643D2242504D4E4469616772616D5F31223E0A202020203C62706D6E64693A42504D4E506C616E652069643D2242504D4E506C616E655F31222062706D6E456C656D656E743D22496D706C656D656E74223E0A2020202020203C62706D6E64693A42504D4E456467652069643D22466C6F775F306F6A34346D6A5F6469222062706D6E456C656D656E743D22466C6F775F306F6A34346D6A223E0A20202020202020203C64693A776179706F696E7420783D223638302220793D2232383322202F3E0A20202020202020203C64693A776179706F696E7420783D223638302220793D2234313022202F3E0A20202020202020203C64693A776179706F696E7420783D22313032322220793D2234313022202F3E0A2020202020203C2F62706D6E64693A42504D4E456467653E0A2020202020203C62706D6E64693A42504D4E456467652069643D22466C6F775F3039657A746B775F6469222062706D6E456C656D656E743D22466C6F775F3039657A746B77223E0A20202020202020203C64693A776179706F696E7420783D223934302220793D2232383322202F3E0A20202020202020203C64693A776179706F696E7420783D223934302220793D2234313022202F3E0A20202020202020203C64693A776179706F696E7420783D22313032322220793D2234313022202F3E0A2020202020203C2F62706D6E64693A42504D4E456467653E0A2020202020203C62706D6E64693A42504D4E456467652069643D22466C6F775F317039366C38645F6469222062706D6E456C656D656E743D22466C6F775F317039366C3864223E0A20202020202020203C64693A776179706F696E7420783D223836302220793D2232353822202F3E0A20202020202020203C64693A776179706F696E7420783D223931352220793D2232353822202F3E0A2020202020203C2F62706D6E64693A42504D4E456467653E0A2020202020203C62706D6E64693A42504D4E456467652069643D22466C6F775F31766F786B65775F6469222062706D6E456C656D656E743D22466C6F775F31766F786B6577223E0A20202020202020203C64693A776179706F696E7420783D223730352220793D2232353822202F3E0A20202020202020203C64693A776179706F696E7420783D223736302220793D2232353822202F3E0A20202020202020203C62706D6E64693A42504D4E4C6162656C3E0A202020202020202020203C64633A426F756E647320783D223732312220793D22323430222077696474683D22323422206865696768743D22313422202F3E0A20202020202020203C2F62706D6E64693A42504D4E4C6162656C3E0A2020202020203C2F62706D6E64693A42504D4E456467653E0A2020202020203C62706D6E64693A42504D4E456467652069643D22466C6F775F313539323531615F6469222062706D6E456C656D656E743D22466C6F775F31353932353161223E0A20202020202020203C64693A776179706F696E7420783D223630302220793D2232353822202F3E0A20202020202020203C64693A776179706F696E7420783D223635352220793D2232353822202F3E0A2020202020203C2F62706D6E64693A42504D4E456467653E0A2020202020203C62706D6E64693A42504D4E456467652069643D22466C6F775F316F327A6770655F6469222062706D6E456C656D656E743D22466C6F775F316F327A677065223E0A20202020202020203C64693A776179706F696E7420783D223434382220793D2232353822202F3E0A20202020202020203C64693A776179706F696E7420783D223530302220793D2232353822202F3E0A2020202020203C2F62706D6E64693A42504D4E456467653E0A2020202020203C62706D6E64693A42504D4E53686170652069643D225F42504D4E53686170655F53746172744576656E745F32222062706D6E456C656D656E743D2273746172746576656E74223E0A20202020202020203C64633A426F756E647320783D223431322220793D22323430222077696474683D22333622206865696768743D22333622202F3E0A20202020202020203C62706D6E64693A42504D4E4C6162656C3E0A202020202020202020203C64633A426F756E647320783D223431392220793D22323833222077696474683D22323322206865696768743D22313422202F3E0A20202020202020203C2F62706D6E64693A42504D4E4C6162656C3E0A2020202020203C2F62706D6E64693A42504D4E53686170653E0A2020202020203C62706D6E64693A42504D4E53686170652069643D2241637469766974795F316731316330715F6469222062706D6E456C656D656E743D22646570744C6561646572566572696679223E0A20202020202020203C64633A426F756E647320783D223530302220793D22323138222077696474683D2231303022206865696768743D22383022202F3E0A2020202020203C2F62706D6E64693A42504D4E53686170653E0A2020202020203C62706D6E64693A42504D4E53686170652069643D22476174657761795F313966753670675F6469222062706D6E456C656D656E743D22476174657761795F31396675367067222069734D61726B657256697369626C653D2274727565223E0A20202020202020203C64633A426F756E647320783D223635352220793D22323333222077696474683D22353022206865696768743D22353022202F3E0A2020202020203C2F62706D6E64693A42504D4E53686170653E0A2020202020203C62706D6E64693A42504D4E53686170652069643D2241637469766974795F31756C623471625F6469222062706D6E456C656D656E743D226872566572696679223E0A20202020202020203C64633A426F756E647320783D223736302220793D22323138222077696474683D2231303022206865696768743D22383022202F3E0A2020202020203C2F62706D6E64693A42504D4E53686170653E0A2020202020203C62706D6E64693A42504D4E53686170652069643D22476174657761795F313537756A71665F6469222062706D6E456C656D656E743D22476174657761795F313537756A7166222069734D61726B657256697369626C653D2274727565223E0A20202020202020203C64633A426F756E647320783D223931352220793D22323333222077696474683D22353022206865696768743D22353022202F3E0A2020202020203C2F62706D6E64693A42504D4E53686170653E0A2020202020203C62706D6E64693A42504D4E53686170652069643D224576656E745F30786E617A6D715F6469222062706D6E456C656D656E743D224576656E745F30786E617A6D71223E0A20202020202020203C64633A426F756E647320783D22313032322220793D22333932222077696474683D22333622206865696768743D22333622202F3E0A20202020202020203C62706D6E64693A42504D4E4C6162656C3E0A202020202020202020203C64633A426F756E647320783D22313033302220793D22343335222077696474683D22323122206865696768743D22313422202F3E0A20202020202020203C2F62706D6E64693A42504D4E4C6162656C3E0A2020202020203C2F62706D6E64693A42504D4E53686170653E0A202020203C2F62706D6E64693A42504D4E506C616E653E0A20203C2F62706D6E64693A42504D4E4469616772616D3E0A3C2F62706D6E323A646566696E6974696F6E733E0A, '0');
INSERT INTO `act_ge_bytearray` VALUES ('c2e4ccd3-9360-11eb-ac84-005056c00001', '1', 'CreateWithBPMNJS.bpmn', 'c2e4ccd2-9360-11eb-ac84-005056c00001', 0x3C3F786D6C2076657273696F6E3D22312E302220656E636F64696E673D225554462D38223F3E0A3C62706D6E323A646566696E6974696F6E7320786D6C6E733A7873693D22687474703A2F2F7777772E77332E6F72672F323030312F584D4C536368656D612D696E7374616E63652220786D6C6E733A62706D6E323D22687474703A2F2F7777772E6F6D672E6F72672F737065632F42504D4E2F32303130303532342F4D4F44454C2220786D6C6E733A62706D6E64693D22687474703A2F2F7777772E6F6D672E6F72672F737065632F42504D4E2F32303130303532342F44492220786D6C6E733A64633D22687474703A2F2F7777772E6F6D672E6F72672F737065632F44442F32303130303532342F44432220786D6C6E733A64693D22687474703A2F2F7777772E6F6D672E6F72672F737065632F44442F32303130303532342F44492220786D6C6E733A61637469766974693D22687474703A2F2F61637469766974692E6F72672F62706D6E222069643D2273616D706C652D6469616772616D22207461726765744E616D6573706163653D22687474703A2F2F61637469766974692E6F72672F62706D6E22207873693A736368656D614C6F636174696F6E3D22687474703A2F2F7777772E6F6D672E6F72672F737065632F42504D4E2F32303130303532342F4D4F44454C2042504D4E32302E787364223E0A20203C62706D6E323A70726F636573732069643D2273756D6D61727922206E616D653D22E680BBE7BB932DE699AEE9809AE8A1A8E58D952220697345786563757461626C653D2274727565223E0A202020203C62706D6E323A73746172744576656E742069643D2273746172746576656E7422206E616D653D227374617274223E0A2020202020203C62706D6E323A6F7574676F696E673E466C6F775F316F327A6770653C2F62706D6E323A6F7574676F696E673E0A202020203C2F62706D6E323A73746172744576656E743E0A202020203C62706D6E323A757365725461736B2069643D22646570744C656164657256657269667922206E616D653D22E983A8E997A8E9A286E5AFBCE5AEA1E689B9222061637469766974693A666F726D4B65793D22646570744C6561646572566572696679222061637469766974693A63616E64696461746555736572733D22247B646570744C65616465727D223E0A2020202020203C62706D6E323A657874656E73696F6E456C656D656E74733E0A20202020202020203C61637469766974693A666F726D50726F70657274792069643D22466F726D50726F70657274795F3270736D3664762D2D5F5F2121726164696F2D2D5F5F2121E5AEA1E689B9E6848FE8A7812D2D5F5F2121692D2D5F5F2121E5908CE6848F2D2D5F5F2D2DE4B88DE5908CE6848F2220747970653D22737472696E6722202F3E0A20202020202020203C61637469766974693A666F726D50726F70657274792069643D22466F726D50726F70657274795F336B6B72636A302D2D5F5F212174657874617265612D2D5F5F2121E689B9E6B3A82D2D5F5F2121665F5F21216E756C6C2220747970653D22737472696E6722202F3E0A2020202020203C2F62706D6E323A657874656E73696F6E456C656D656E74733E0A2020202020203C62706D6E323A696E636F6D696E673E466C6F775F316F327A6770653C2F62706D6E323A696E636F6D696E673E0A2020202020203C62706D6E323A6F7574676F696E673E466C6F775F313539323531613C2F62706D6E323A6F7574676F696E673E0A202020203C2F62706D6E323A757365725461736B3E0A202020203C62706D6E323A73657175656E6365466C6F772069643D22466C6F775F316F327A6770652220736F757263655265663D2273746172746576656E7422207461726765745265663D22646570744C656164657256657269667922202F3E0A202020203C62706D6E323A6578636C7573697665476174657761792069643D22476174657761795F31396675367067223E0A2020202020203C62706D6E323A696E636F6D696E673E466C6F775F313539323531613C2F62706D6E323A696E636F6D696E673E0A2020202020203C62706D6E323A6F7574676F696E673E466C6F775F31766F786B65773C2F62706D6E323A6F7574676F696E673E0A2020202020203C62706D6E323A6F7574676F696E673E466C6F775F306F6A34346D6A3C2F62706D6E323A6F7574676F696E673E0A202020203C2F62706D6E323A6578636C7573697665476174657761793E0A202020203C62706D6E323A73657175656E6365466C6F772069643D22466C6F775F313539323531612220736F757263655265663D22646570744C656164657256657269667922207461726765745265663D22476174657761795F3139667536706722202F3E0A202020203C62706D6E323A757365725461736B2069643D22687256657269667922206E616D653D22E4BABAE4BA8BE5AEA1E689B9222061637469766974693A666F726D4B65793D226872566572696679222061637469766974693A63616E64696461746555736572733D226872223E0A2020202020203C62706D6E323A657874656E73696F6E456C656D656E74733E0A20202020202020203C61637469766974693A666F726D50726F70657274792069643D22466F726D50726F70657274795F303165737136652D2D5F5F2121726164696F2D2D5F5F2121E5AEA1E689B9E6848FE8A7812D2D5F5F2121692D2D5F5F2121E5908CE6848F2D2D5F5F2D2DE4B88DE5908CE6848F2220747970653D22737472696E6722202F3E0A20202020202020203C61637469766974693A666F726D50726F70657274792069643D22466F726D50726F70657274795F336530397065682D2D5F5F212174657874617265612D2D5F5F2121E689B9E6B3A82D2D5F5F2121662D2D5F5F21216E756C6C2220747970653D22737472696E6722202F3E0A2020202020203C2F62706D6E323A657874656E73696F6E456C656D656E74733E0A2020202020203C62706D6E323A696E636F6D696E673E466C6F775F31766F786B65773C2F62706D6E323A696E636F6D696E673E0A2020202020203C62706D6E323A6F7574676F696E673E466C6F775F317039366C38643C2F62706D6E323A6F7574676F696E673E0A202020203C2F62706D6E323A757365725461736B3E0A202020203C62706D6E323A73657175656E6365466C6F772069643D22466C6F775F31766F786B657722206E616D653D22E5908CE6848F2220736F757263655265663D22476174657761795F3139667536706722207461726765745265663D22687256657269667922202F3E0A202020203C62706D6E323A6578636C7573697665476174657761792069643D22476174657761795F313537756A7166223E0A2020202020203C62706D6E323A696E636F6D696E673E466C6F775F317039366C38643C2F62706D6E323A696E636F6D696E673E0A2020202020203C62706D6E323A6F7574676F696E673E466C6F775F3039657A746B773C2F62706D6E323A6F7574676F696E673E0A202020203C2F62706D6E323A6578636C7573697665476174657761793E0A202020203C62706D6E323A73657175656E6365466C6F772069643D22466C6F775F317039366C38642220736F757263655265663D22687256657269667922207461726765745265663D22476174657761795F313537756A716622202F3E0A202020203C62706D6E323A656E644576656E742069643D224576656E745F30786E617A6D7122206E616D653D22456E64223E0A2020202020203C62706D6E323A696E636F6D696E673E466C6F775F3039657A746B773C2F62706D6E323A696E636F6D696E673E0A2020202020203C62706D6E323A696E636F6D696E673E466C6F775F306F6A34346D6A3C2F62706D6E323A696E636F6D696E673E0A202020203C2F62706D6E323A656E644576656E743E0A202020203C62706D6E323A73657175656E6365466C6F772069643D22466C6F775F3039657A746B772220736F757263655265663D22476174657761795F313537756A716622207461726765745265663D224576656E745F30786E617A6D7122202F3E0A202020203C62706D6E323A73657175656E6365466C6F772069643D22466C6F775F306F6A34346D6A2220736F757263655265663D22476174657761795F3139667536706722207461726765745265663D224576656E745F30786E617A6D7122202F3E0A20203C2F62706D6E323A70726F636573733E0A20203C62706D6E64693A42504D4E4469616772616D2069643D2242504D4E4469616772616D5F31223E0A202020203C62706D6E64693A42504D4E506C616E652069643D2242504D4E506C616E655F31222062706D6E456C656D656E743D2273756D6D617279223E0A2020202020203C62706D6E64693A42504D4E456467652069643D22466C6F775F306F6A34346D6A5F6469222062706D6E456C656D656E743D22466C6F775F306F6A34346D6A223E0A20202020202020203C64693A776179706F696E7420783D223638302220793D2232383322202F3E0A20202020202020203C64693A776179706F696E7420783D223638302220793D2234313022202F3E0A20202020202020203C64693A776179706F696E7420783D22313032322220793D2234313022202F3E0A2020202020203C2F62706D6E64693A42504D4E456467653E0A2020202020203C62706D6E64693A42504D4E456467652069643D22466C6F775F3039657A746B775F6469222062706D6E456C656D656E743D22466C6F775F3039657A746B77223E0A20202020202020203C64693A776179706F696E7420783D223934302220793D2232383322202F3E0A20202020202020203C64693A776179706F696E7420783D223934302220793D2234313022202F3E0A20202020202020203C64693A776179706F696E7420783D22313032322220793D2234313022202F3E0A2020202020203C2F62706D6E64693A42504D4E456467653E0A2020202020203C62706D6E64693A42504D4E456467652069643D22466C6F775F317039366C38645F6469222062706D6E456C656D656E743D22466C6F775F317039366C3864223E0A20202020202020203C64693A776179706F696E7420783D223836302220793D2232353822202F3E0A20202020202020203C64693A776179706F696E7420783D223931352220793D2232353822202F3E0A2020202020203C2F62706D6E64693A42504D4E456467653E0A2020202020203C62706D6E64693A42504D4E456467652069643D22466C6F775F31766F786B65775F6469222062706D6E456C656D656E743D22466C6F775F31766F786B6577223E0A20202020202020203C64693A776179706F696E7420783D223730352220793D2232353822202F3E0A20202020202020203C64693A776179706F696E7420783D223736302220793D2232353822202F3E0A20202020202020203C62706D6E64693A42504D4E4C6162656C3E0A202020202020202020203C64633A426F756E647320783D223732312220793D22323430222077696474683D22323422206865696768743D22313422202F3E0A20202020202020203C2F62706D6E64693A42504D4E4C6162656C3E0A2020202020203C2F62706D6E64693A42504D4E456467653E0A2020202020203C62706D6E64693A42504D4E456467652069643D22466C6F775F313539323531615F6469222062706D6E456C656D656E743D22466C6F775F31353932353161223E0A20202020202020203C64693A776179706F696E7420783D223630302220793D2232353822202F3E0A20202020202020203C64693A776179706F696E7420783D223635352220793D2232353822202F3E0A2020202020203C2F62706D6E64693A42504D4E456467653E0A2020202020203C62706D6E64693A42504D4E456467652069643D22466C6F775F316F327A6770655F6469222062706D6E456C656D656E743D22466C6F775F316F327A677065223E0A20202020202020203C64693A776179706F696E7420783D223434382220793D2232353822202F3E0A20202020202020203C64693A776179706F696E7420783D223530302220793D2232353822202F3E0A2020202020203C2F62706D6E64693A42504D4E456467653E0A2020202020203C62706D6E64693A42504D4E53686170652069643D225F42504D4E53686170655F53746172744576656E745F32222062706D6E456C656D656E743D2273746172746576656E74223E0A20202020202020203C64633A426F756E647320783D223431322220793D22323430222077696474683D22333622206865696768743D22333622202F3E0A20202020202020203C62706D6E64693A42504D4E4C6162656C3E0A202020202020202020203C64633A426F756E647320783D223431392220793D22323833222077696474683D22323322206865696768743D22313422202F3E0A20202020202020203C2F62706D6E64693A42504D4E4C6162656C3E0A2020202020203C2F62706D6E64693A42504D4E53686170653E0A2020202020203C62706D6E64693A42504D4E53686170652069643D2241637469766974795F316731316330715F6469222062706D6E456C656D656E743D22646570744C6561646572566572696679223E0A20202020202020203C64633A426F756E647320783D223530302220793D22323138222077696474683D2231303022206865696768743D22383022202F3E0A2020202020203C2F62706D6E64693A42504D4E53686170653E0A2020202020203C62706D6E64693A42504D4E53686170652069643D22476174657761795F313966753670675F6469222062706D6E456C656D656E743D22476174657761795F31396675367067222069734D61726B657256697369626C653D2274727565223E0A20202020202020203C64633A426F756E647320783D223635352220793D22323333222077696474683D22353022206865696768743D22353022202F3E0A2020202020203C2F62706D6E64693A42504D4E53686170653E0A2020202020203C62706D6E64693A42504D4E53686170652069643D2241637469766974795F31756C623471625F6469222062706D6E456C656D656E743D226872566572696679223E0A20202020202020203C64633A426F756E647320783D223736302220793D22323138222077696474683D2231303022206865696768743D22383022202F3E0A2020202020203C2F62706D6E64693A42504D4E53686170653E0A2020202020203C62706D6E64693A42504D4E53686170652069643D22476174657761795F313537756A71665F6469222062706D6E456C656D656E743D22476174657761795F313537756A7166222069734D61726B657256697369626C653D2274727565223E0A20202020202020203C64633A426F756E647320783D223931352220793D22323333222077696474683D22353022206865696768743D22353022202F3E0A2020202020203C2F62706D6E64693A42504D4E53686170653E0A2020202020203C62706D6E64693A42504D4E53686170652069643D224576656E745F30786E617A6D715F6469222062706D6E456C656D656E743D224576656E745F30786E617A6D71223E0A20202020202020203C64633A426F756E647320783D22313032322220793D22333932222077696474683D22333622206865696768743D22333622202F3E0A20202020202020203C62706D6E64693A42504D4E4C6162656C3E0A202020202020202020203C64633A426F756E647320783D22313033302220793D22343335222077696474683D22323122206865696768743D22313422202F3E0A20202020202020203C2F62706D6E64693A42504D4E4C6162656C3E0A2020202020203C2F62706D6E64693A42504D4E53686170653E0A202020203C2F62706D6E64693A42504D4E506C616E653E0A20203C2F62706D6E64693A42504D4E4469616772616D3E0A3C2F62706D6E323A646566696E6974696F6E733E0A, '0');
INSERT INTO `act_ge_bytearray` VALUES ('de3bcdeb-3b91-11eb-9492-5aa02364495c', '1', 'CreateWithBPMNJS.bpmn', 'de3bcdea-3b91-11eb-9492-5aa02364495c', 0x3C3F786D6C2076657273696F6E3D22312E302220656E636F64696E673D225554462D38223F3E0A3C62706D6E323A646566696E6974696F6E7320786D6C6E733A7873693D22687474703A2F2F7777772E77332E6F72672F323030312F584D4C536368656D612D696E7374616E63652220786D6C6E733A62706D6E323D22687474703A2F2F7777772E6F6D672E6F72672F737065632F42504D4E2F32303130303532342F4D4F44454C2220786D6C6E733A62706D6E64693D22687474703A2F2F7777772E6F6D672E6F72672F737065632F42504D4E2F32303130303532342F44492220786D6C6E733A64633D22687474703A2F2F7777772E6F6D672E6F72672F737065632F44442F32303130303532342F44432220786D6C6E733A64693D22687474703A2F2F7777772E6F6D672E6F72672F737065632F44442F32303130303532342F4449222069643D2273616D706C652D6469616772616D22207461726765744E616D6573706163653D22687474703A2F2F61637469766974692E6F72672F62706D6E22207873693A736368656D614C6F636174696F6E3D22687474703A2F2F7777772E6F6D672E6F72672F737065632F42504D4E2F32303130303532342F4D4F44454C2042504D4E32302E787364223E0A20203C62706D6E323A70726F636573732069643D22636573686922206E616D653D22E6B58BE8AF952220697345786563757461626C653D2274727565223E0A202020203C62706D6E323A73746172744576656E742069643D2253746172744576656E745F31223E0A2020202020203C62706D6E323A6F7574676F696E673E466C6F775F306A69777069713C2F62706D6E323A6F7574676F696E673E0A202020203C2F62706D6E323A73746172744576656E743E0A202020203C62706D6E323A656E644576656E742069643D224576656E745F30377564366779223E0A2020202020203C62706D6E323A696E636F6D696E673E466C6F775F316663616330383C2F62706D6E323A696E636F6D696E673E0A202020203C2F62706D6E323A656E644576656E743E0A202020203C62706D6E323A757365725461736B2069643D2241637469766974795F306F75636E6638223E0A2020202020203C62706D6E323A696E636F6D696E673E466C6F775F306A69777069713C2F62706D6E323A696E636F6D696E673E0A2020202020203C62706D6E323A6F7574676F696E673E466C6F775F316663616330383C2F62706D6E323A6F7574676F696E673E0A202020203C2F62706D6E323A757365725461736B3E0A202020203C62706D6E323A73657175656E6365466C6F772069643D22466C6F775F306A69777069712220736F757263655265663D2253746172744576656E745F3122207461726765745265663D2241637469766974795F306F75636E663822202F3E0A202020203C62706D6E323A73657175656E6365466C6F772069643D22466C6F775F316663616330382220736F757263655265663D2241637469766974795F306F75636E663822207461726765745265663D224576656E745F3037756436677922202F3E0A20203C2F62706D6E323A70726F636573733E0A20203C62706D6E64693A42504D4E4469616772616D2069643D2242504D4E4469616772616D5F31223E0A202020203C62706D6E64693A42504D4E506C616E652069643D2242504D4E506C616E655F31222062706D6E456C656D656E743D226365736869223E0A2020202020203C62706D6E64693A42504D4E456467652069643D22466C6F775F306A69777069715F6469222062706D6E456C656D656E743D22466C6F775F306A6977706971223E0A20202020202020203C64693A776179706F696E7420783D223434382220793D2232353022202F3E0A20202020202020203C64693A776179706F696E7420783D223534302220793D2232353022202F3E0A2020202020203C2F62706D6E64693A42504D4E456467653E0A2020202020203C62706D6E64693A42504D4E456467652069643D22466C6F775F316663616330385F6469222062706D6E456C656D656E743D22466C6F775F31666361633038223E0A20202020202020203C64693A776179706F696E7420783D223634302220793D2232353022202F3E0A20202020202020203C64693A776179706F696E7420783D223833322220793D2232353022202F3E0A2020202020203C2F62706D6E64693A42504D4E456467653E0A2020202020203C62706D6E64693A42504D4E53686170652069643D2241637469766974795F306F75636E66385F6469222062706D6E456C656D656E743D2241637469766974795F306F75636E6638223E0A20202020202020203C64633A426F756E647320783D223534302220793D22323130222077696474683D2231303022206865696768743D22383022202F3E0A2020202020203C2F62706D6E64693A42504D4E53686170653E0A2020202020203C62706D6E64693A42504D4E53686170652069643D224576656E745F303775643667795F6469222062706D6E456C656D656E743D224576656E745F30377564366779223E0A20202020202020203C64633A426F756E647320783D223833322220793D22323332222077696474683D22333622206865696768743D22333622202F3E0A2020202020203C2F62706D6E64693A42504D4E53686170653E0A2020202020203C62706D6E64693A42504D4E53686170652069643D225F42504D4E53686170655F53746172744576656E745F32222062706D6E456C656D656E743D2253746172744576656E745F31223E0A20202020202020203C64633A426F756E647320783D223431322220793D22323332222077696474683D22333622206865696768743D22333622202F3E0A2020202020203C2F62706D6E64693A42504D4E53686170653E0A202020203C2F62706D6E64693A42504D4E506C616E653E0A20203C2F62706D6E64693A42504D4E4469616772616D3E0A3C2F62706D6E323A646566696E6974696F6E733E0A, '0');
INSERT INTO `act_ge_bytearray` VALUES ('efea5fb6-9360-11eb-ac84-005056c00001', '1', 'CreateWithBPMNJS.bpmn', 'efea5fb5-9360-11eb-ac84-005056c00001', 0x3C3F786D6C2076657273696F6E3D22312E302220656E636F64696E673D225554462D38223F3E0A3C62706D6E323A646566696E6974696F6E7320786D6C6E733A7873693D22687474703A2F2F7777772E77332E6F72672F323030312F584D4C536368656D612D696E7374616E63652220786D6C6E733A62706D6E323D22687474703A2F2F7777772E6F6D672E6F72672F737065632F42504D4E2F32303130303532342F4D4F44454C2220786D6C6E733A62706D6E64693D22687474703A2F2F7777772E6F6D672E6F72672F737065632F42504D4E2F32303130303532342F44492220786D6C6E733A64633D22687474703A2F2F7777772E6F6D672E6F72672F737065632F44442F32303130303532342F44432220786D6C6E733A64693D22687474703A2F2F7777772E6F6D672E6F72672F737065632F44442F32303130303532342F44492220786D6C6E733A61637469766974693D22687474703A2F2F61637469766974692E6F72672F62706D6E222069643D2273616D706C652D6469616772616D22207461726765744E616D6573706163653D22687474703A2F2F61637469766974692E6F72672F62706D6E22207873693A736368656D614C6F636174696F6E3D22687474703A2F2F7777772E6F6D672E6F72672F737065632F42504D4E2F32303130303532342F4D4F44454C2042504D4E32302E787364223E0A20203C62706D6E323A70726F636573732069643D22496E697469616C7465737422206E616D653D22E98082E9858DE5889DE9AA8C2DE699AEE9809AE8A1A8E58D952220697345786563757461626C653D2274727565223E0A202020203C62706D6E323A73746172744576656E742069643D2273746172746576656E7422206E616D653D227374617274223E0A2020202020203C62706D6E323A6F7574676F696E673E466C6F775F316F327A6770653C2F62706D6E323A6F7574676F696E673E0A202020203C2F62706D6E323A73746172744576656E743E0A202020203C62706D6E323A757365725461736B2069643D22646570744C656164657256657269667922206E616D653D22E983A8E997A8E9A286E5AFBCE5AEA1E689B9222061637469766974693A666F726D4B65793D22646570744C6561646572566572696679222061637469766974693A63616E64696461746555736572733D22247B646570744C65616465727D223E0A2020202020203C62706D6E323A657874656E73696F6E456C656D656E74733E0A20202020202020203C61637469766974693A666F726D50726F70657274792069643D22466F726D50726F70657274795F3270736D3664762D2D5F5F2121726164696F2D2D5F5F2121E5AEA1E689B9E6848FE8A7812D2D5F5F2121692D2D5F5F2121E5908CE6848F2D2D5F5F2D2DE4B88DE5908CE6848F2220747970653D22737472696E6722202F3E0A20202020202020203C61637469766974693A666F726D50726F70657274792069643D22466F726D50726F70657274795F336B6B72636A302D2D5F5F212174657874617265612D2D5F5F2121E689B9E6B3A82D2D5F5F2121665F5F21216E756C6C2220747970653D22737472696E6722202F3E0A2020202020203C2F62706D6E323A657874656E73696F6E456C656D656E74733E0A2020202020203C62706D6E323A696E636F6D696E673E466C6F775F316F327A6770653C2F62706D6E323A696E636F6D696E673E0A2020202020203C62706D6E323A6F7574676F696E673E466C6F775F313539323531613C2F62706D6E323A6F7574676F696E673E0A202020203C2F62706D6E323A757365725461736B3E0A202020203C62706D6E323A73657175656E6365466C6F772069643D22466C6F775F316F327A6770652220736F757263655265663D2273746172746576656E7422207461726765745265663D22646570744C656164657256657269667922202F3E0A202020203C62706D6E323A6578636C7573697665476174657761792069643D22476174657761795F31396675367067223E0A2020202020203C62706D6E323A696E636F6D696E673E466C6F775F313539323531613C2F62706D6E323A696E636F6D696E673E0A2020202020203C62706D6E323A6F7574676F696E673E466C6F775F31766F786B65773C2F62706D6E323A6F7574676F696E673E0A2020202020203C62706D6E323A6F7574676F696E673E466C6F775F306F6A34346D6A3C2F62706D6E323A6F7574676F696E673E0A202020203C2F62706D6E323A6578636C7573697665476174657761793E0A202020203C62706D6E323A73657175656E6365466C6F772069643D22466C6F775F313539323531612220736F757263655265663D22646570744C656164657256657269667922207461726765745265663D22476174657761795F3139667536706722202F3E0A202020203C62706D6E323A757365725461736B2069643D22687256657269667922206E616D653D22E4BABAE4BA8BE5AEA1E689B9222061637469766974693A666F726D4B65793D226872566572696679222061637469766974693A63616E64696461746555736572733D226872223E0A2020202020203C62706D6E323A657874656E73696F6E456C656D656E74733E0A20202020202020203C61637469766974693A666F726D50726F70657274792069643D22466F726D50726F70657274795F303165737136652D2D5F5F2121726164696F2D2D5F5F2121E5AEA1E689B9E6848FE8A7812D2D5F5F2121692D2D5F5F2121E5908CE6848F2D2D5F5F2D2DE4B88DE5908CE6848F2220747970653D22737472696E6722202F3E0A20202020202020203C61637469766974693A666F726D50726F70657274792069643D22466F726D50726F70657274795F336530397065682D2D5F5F212174657874617265612D2D5F5F2121E689B9E6B3A82D2D5F5F2121662D2D5F5F21216E756C6C2220747970653D22737472696E6722202F3E0A2020202020203C2F62706D6E323A657874656E73696F6E456C656D656E74733E0A2020202020203C62706D6E323A696E636F6D696E673E466C6F775F31766F786B65773C2F62706D6E323A696E636F6D696E673E0A2020202020203C62706D6E323A6F7574676F696E673E466C6F775F317039366C38643C2F62706D6E323A6F7574676F696E673E0A202020203C2F62706D6E323A757365725461736B3E0A202020203C62706D6E323A73657175656E6365466C6F772069643D22466C6F775F31766F786B657722206E616D653D22E5908CE6848F2220736F757263655265663D22476174657761795F3139667536706722207461726765745265663D22687256657269667922202F3E0A202020203C62706D6E323A6578636C7573697665476174657761792069643D22476174657761795F313537756A7166223E0A2020202020203C62706D6E323A696E636F6D696E673E466C6F775F317039366C38643C2F62706D6E323A696E636F6D696E673E0A2020202020203C62706D6E323A6F7574676F696E673E466C6F775F3039657A746B773C2F62706D6E323A6F7574676F696E673E0A202020203C2F62706D6E323A6578636C7573697665476174657761793E0A202020203C62706D6E323A73657175656E6365466C6F772069643D22466C6F775F317039366C38642220736F757263655265663D22687256657269667922207461726765745265663D22476174657761795F313537756A716622202F3E0A202020203C62706D6E323A656E644576656E742069643D224576656E745F30786E617A6D7122206E616D653D22456E64223E0A2020202020203C62706D6E323A696E636F6D696E673E466C6F775F3039657A746B773C2F62706D6E323A696E636F6D696E673E0A2020202020203C62706D6E323A696E636F6D696E673E466C6F775F306F6A34346D6A3C2F62706D6E323A696E636F6D696E673E0A202020203C2F62706D6E323A656E644576656E743E0A202020203C62706D6E323A73657175656E6365466C6F772069643D22466C6F775F3039657A746B772220736F757263655265663D22476174657761795F313537756A716622207461726765745265663D224576656E745F30786E617A6D7122202F3E0A202020203C62706D6E323A73657175656E6365466C6F772069643D22466C6F775F306F6A34346D6A2220736F757263655265663D22476174657761795F3139667536706722207461726765745265663D224576656E745F30786E617A6D7122202F3E0A20203C2F62706D6E323A70726F636573733E0A20203C62706D6E64693A42504D4E4469616772616D2069643D2242504D4E4469616772616D5F31223E0A202020203C62706D6E64693A42504D4E506C616E652069643D2242504D4E506C616E655F31222062706D6E456C656D656E743D22496E697469616C74657374223E0A2020202020203C62706D6E64693A42504D4E456467652069643D22466C6F775F306F6A34346D6A5F6469222062706D6E456C656D656E743D22466C6F775F306F6A34346D6A223E0A20202020202020203C64693A776179706F696E7420783D223638302220793D2232383322202F3E0A20202020202020203C64693A776179706F696E7420783D223638302220793D2234313022202F3E0A20202020202020203C64693A776179706F696E7420783D22313032322220793D2234313022202F3E0A2020202020203C2F62706D6E64693A42504D4E456467653E0A2020202020203C62706D6E64693A42504D4E456467652069643D22466C6F775F3039657A746B775F6469222062706D6E456C656D656E743D22466C6F775F3039657A746B77223E0A20202020202020203C64693A776179706F696E7420783D223934302220793D2232383322202F3E0A20202020202020203C64693A776179706F696E7420783D223934302220793D2234313022202F3E0A20202020202020203C64693A776179706F696E7420783D22313032322220793D2234313022202F3E0A2020202020203C2F62706D6E64693A42504D4E456467653E0A2020202020203C62706D6E64693A42504D4E456467652069643D22466C6F775F317039366C38645F6469222062706D6E456C656D656E743D22466C6F775F317039366C3864223E0A20202020202020203C64693A776179706F696E7420783D223836302220793D2232353822202F3E0A20202020202020203C64693A776179706F696E7420783D223931352220793D2232353822202F3E0A2020202020203C2F62706D6E64693A42504D4E456467653E0A2020202020203C62706D6E64693A42504D4E456467652069643D22466C6F775F31766F786B65775F6469222062706D6E456C656D656E743D22466C6F775F31766F786B6577223E0A20202020202020203C64693A776179706F696E7420783D223730352220793D2232353822202F3E0A20202020202020203C64693A776179706F696E7420783D223736302220793D2232353822202F3E0A20202020202020203C62706D6E64693A42504D4E4C6162656C3E0A202020202020202020203C64633A426F756E647320783D223732312220793D22323430222077696474683D22323422206865696768743D22313422202F3E0A20202020202020203C2F62706D6E64693A42504D4E4C6162656C3E0A2020202020203C2F62706D6E64693A42504D4E456467653E0A2020202020203C62706D6E64693A42504D4E456467652069643D22466C6F775F313539323531615F6469222062706D6E456C656D656E743D22466C6F775F31353932353161223E0A20202020202020203C64693A776179706F696E7420783D223630302220793D2232353822202F3E0A20202020202020203C64693A776179706F696E7420783D223635352220793D2232353822202F3E0A2020202020203C2F62706D6E64693A42504D4E456467653E0A2020202020203C62706D6E64693A42504D4E456467652069643D22466C6F775F316F327A6770655F6469222062706D6E456C656D656E743D22466C6F775F316F327A677065223E0A20202020202020203C64693A776179706F696E7420783D223434382220793D2232353822202F3E0A20202020202020203C64693A776179706F696E7420783D223530302220793D2232353822202F3E0A2020202020203C2F62706D6E64693A42504D4E456467653E0A2020202020203C62706D6E64693A42504D4E53686170652069643D225F42504D4E53686170655F53746172744576656E745F32222062706D6E456C656D656E743D2273746172746576656E74223E0A20202020202020203C64633A426F756E647320783D223431322220793D22323430222077696474683D22333622206865696768743D22333622202F3E0A20202020202020203C62706D6E64693A42504D4E4C6162656C3E0A202020202020202020203C64633A426F756E647320783D223431392220793D22323833222077696474683D22323322206865696768743D22313422202F3E0A20202020202020203C2F62706D6E64693A42504D4E4C6162656C3E0A2020202020203C2F62706D6E64693A42504D4E53686170653E0A2020202020203C62706D6E64693A42504D4E53686170652069643D2241637469766974795F316731316330715F6469222062706D6E456C656D656E743D22646570744C6561646572566572696679223E0A20202020202020203C64633A426F756E647320783D223530302220793D22323138222077696474683D2231303022206865696768743D22383022202F3E0A2020202020203C2F62706D6E64693A42504D4E53686170653E0A2020202020203C62706D6E64693A42504D4E53686170652069643D22476174657761795F313966753670675F6469222062706D6E456C656D656E743D22476174657761795F31396675367067222069734D61726B657256697369626C653D2274727565223E0A20202020202020203C64633A426F756E647320783D223635352220793D22323333222077696474683D22353022206865696768743D22353022202F3E0A2020202020203C2F62706D6E64693A42504D4E53686170653E0A2020202020203C62706D6E64693A42504D4E53686170652069643D2241637469766974795F31756C623471625F6469222062706D6E456C656D656E743D226872566572696679223E0A20202020202020203C64633A426F756E647320783D223736302220793D22323138222077696474683D2231303022206865696768743D22383022202F3E0A2020202020203C2F62706D6E64693A42504D4E53686170653E0A2020202020203C62706D6E64693A42504D4E53686170652069643D22476174657761795F313537756A71665F6469222062706D6E456C656D656E743D22476174657761795F313537756A7166222069734D61726B657256697369626C653D2274727565223E0A20202020202020203C64633A426F756E647320783D223931352220793D22323333222077696474683D22353022206865696768743D22353022202F3E0A2020202020203C2F62706D6E64693A42504D4E53686170653E0A2020202020203C62706D6E64693A42504D4E53686170652069643D224576656E745F30786E617A6D715F6469222062706D6E456C656D656E743D224576656E745F30786E617A6D71223E0A20202020202020203C64633A426F756E647320783D22313032322220793D22333932222077696474683D22333622206865696768743D22333622202F3E0A20202020202020203C62706D6E64693A42504D4E4C6162656C3E0A202020202020202020203C64633A426F756E647320783D22313033302220793D22343335222077696474683D22323122206865696768743D22313422202F3E0A20202020202020203C2F62706D6E64693A42504D4E4C6162656C3E0A2020202020203C2F62706D6E64693A42504D4E53686170653E0A202020203C2F62706D6E64693A42504D4E506C616E653E0A20203C2F62706D6E64693A42504D4E4469616772616D3E0A3C2F62706D6E323A646566696E6974696F6E733E0A, '0');
INSERT INTO `act_ge_bytearray` VALUES ('fd1529d3-4a7a-11eb-ba86-5aa02364495c', '1', 'leave.bpmn', 'fd1529d2-4a7a-11eb-ba86-5aa02364495c', 0x3C3F786D6C2076657273696F6E3D22312E302220656E636F64696E673D225554462D38223F3E0A3C646566696E6974696F6E7320786D6C6E733D22687474703A2F2F7777772E6F6D672E6F72672F737065632F42504D4E2F32303130303532342F4D4F44454C2220786D6C6E733A7873693D22687474703A2F2F7777772E77332E6F72672F323030312F584D4C536368656D612D696E7374616E63652220786D6C6E733A61637469766974693D22687474703A2F2F61637469766974692E6F72672F62706D6E2220786D6C6E733A62706D6E64693D22687474703A2F2F7777772E6F6D672E6F72672F737065632F42504D4E2F32303130303532342F44492220786D6C6E733A6F6D6764633D22687474703A2F2F7777772E6F6D672E6F72672F737065632F44442F32303130303532342F44432220786D6C6E733A6F6D6764693D22687474703A2F2F7777772E6F6D672E6F72672F737065632F44442F32303130303532342F44492220786D6C6E733A7873643D22687474703A2F2F7777772E77332E6F72672F323030312F584D4C536368656D6122207461726765744E616D6573706163653D22687474703A2F2F7777772E6B6166656974752E6D652F61637469766974692F6C65617665223E0A20203C70726F636573732069643D226C6561766522206E616D653D22E8AFB7E58187E6B581E7A88B2DE699AEE9809AE8A1A8E58D952220697345786563757461626C653D2274727565223E0A202020203C646F63756D656E746174696F6E3EE8AFB7E58187E6B581E7A88BE6BC94E7A4BA3C2F646F63756D656E746174696F6E3E0A202020203C73746172744576656E742069643D2273746172746576656E743122206E616D653D22537461727422202F3E0A202020203C757365725461736B2069643D22646570744C656164657256657269667922206E616D653D22E983A8E997A8E9A286E5AFBCE5AEA1E689B9222061637469766974693A666F726D4B65793D22646570744C6561646572566572696679222061637469766974693A63616E64696461746555736572733D22247B646570744C65616465727D223E0A2020202020203C657874656E73696F6E456C656D656E74733E0A20202020202020203C61637469766974693A666F726D50726F70657274792069643D22466F726D50726F70657274795F337169706973322D2D5F5F2121726164696F2D2D5F5F2121E5AEA1E689B9E6848FE8A7812D2D5F5F2121692D2D5F5F2121E5908CE6848F2D2D5F5F2D2DE4B88DE5908CE6848F2220747970653D22737472696E6722202F3E0A20202020202020203C61637469766974693A666F726D50726F70657274792069643D22466F726D50726F70657274795F306C666670636D2D2D5F5F212174657874617265612D2D5F5F2121E689B9E6B3A82D2D5F5F2121665F5F21216E756C6C2220747970653D22737472696E6722202F3E0A2020202020203C2F657874656E73696F6E456C656D656E74733E0A202020203C2F757365725461736B3E0A202020203C6578636C7573697665476174657761792069643D226578636C75736976656761746577617935223E0A2020202020203C6F7574676F696E673E466C6F775F30713362626A6C3C2F6F7574676F696E673E0A202020203C2F6578636C7573697665476174657761793E0A202020203C757365725461736B2069643D22687256657269667922206E616D653D22E4BABAE4BA8BE5AEA1E689B9222061637469766974693A666F726D4B65793D226872566572696679222061637469766974693A63616E64696461746547726F7570733D226872223E0A2020202020203C657874656E73696F6E456C656D656E74733E0A20202020202020203C61637469766974693A666F726D50726F70657274792069643D22466F726D50726F70657274795F32337539356A622D2D5F5F2121726164696F2D2D5F5F2121E5AEA1E689B9E6848FE8A7812D2D5F5F2121692D2D5F5F2121E5908CE6848F2D2D5F5F2D2DE4B88DE5908CE6848F2220747970653D22737472696E6722202F3E0A20202020202020203C61637469766974693A666F726D50726F70657274792069643D22466F726D50726F70657274795F33743774666B762D2D5F5F212174657874617265612D2D5F5F2121E689B9E6B3A82D2D5F5F2121662D2D5F5F21216E756C6C2220747970653D22737472696E6722202F3E0A2020202020203C2F657874656E73696F6E456C656D656E74733E0A202020203C2F757365725461736B3E0A202020203C6578636C7573697665476174657761792069643D226578636C75736976656761746577617936223E0A2020202020203C6F7574676F696E673E466C6F775F307038353935343C2F6F7574676F696E673E0A2020202020203C6F7574676F696E673E466C6F775F306A69377163763C2F6F7574676F696E673E0A202020203C2F6578636C7573697665476174657761793E0A202020203C656E644576656E742069643D22656E646576656E743122206E616D653D22456E64223E0A2020202020203C696E636F6D696E673E466C6F775F307038353935343C2F696E636F6D696E673E0A2020202020203C696E636F6D696E673E466C6F775F306A69377163763C2F696E636F6D696E673E0A2020202020203C696E636F6D696E673E466C6F775F30713362626A6C3C2F696E636F6D696E673E0A202020203C2F656E644576656E743E0A202020203C73657175656E6365466C6F772069643D22666C6F77322220736F757263655265663D2273746172746576656E743122207461726765745265663D22646570744C656164657256657269667922202F3E0A202020203C73657175656E6365466C6F772069643D22666C6F77332220736F757263655265663D22646570744C656164657256657269667922207461726765745265663D226578636C7573697665676174657761793522202F3E0A202020203C73657175656E6365466C6F772069643D22666C6F773522206E616D653D22E5908CE6848F2220736F757263655265663D226578636C7573697665676174657761793522207461726765745265663D226872566572696679223E0A2020202020203C636F6E646974696F6E45787072657373696F6E207873693A747970653D2274466F726D616C45787072657373696F6E223E247B466F726D50726F70657274795F337169706973323D3D307D3C2F636F6E646974696F6E45787072657373696F6E3E0A202020203C2F73657175656E6365466C6F773E0A202020203C73657175656E6365466C6F772069643D22666C6F77362220736F757263655265663D22687256657269667922207461726765745265663D226578636C7573697665676174657761793622202F3E0A202020203C73657175656E6365466C6F772069643D22466C6F775F307038353935342220736F757263655265663D226578636C7573697665676174657761793622207461726765745265663D22656E646576656E7431223E0A2020202020203C657874656E73696F6E456C656D656E74733E0A20202020202020203C61637469766974693A657865637574696F6E4C697374656E657220636C6173733D22636F6D2E72756F79692E6C656176652E696E7374656E65722E4C65617665456E6453746174654C697374656E657222206576656E743D2274616B65223E0A202020202020202020203C61637469766974693A6669656C64206E616D653D227374617465223E0A2020202020202020202020203C61637469766974693A737472696E673E313C2F61637469766974693A737472696E673E0A202020202020202020203C2F61637469766974693A6669656C643E0A20202020202020203C2F61637469766974693A657865637574696F6E4C697374656E65723E0A2020202020203C2F657874656E73696F6E456C656D656E74733E0A2020202020203C636F6E646974696F6E45787072657373696F6E207873693A747970653D2274466F726D616C45787072657373696F6E223E247B466F726D50726F70657274795F32337539356A623D3D307D3C2F636F6E646974696F6E45787072657373696F6E3E0A202020203C2F73657175656E6365466C6F773E0A202020203C73657175656E6365466C6F772069643D22466C6F775F306A69377163762220736F757263655265663D226578636C7573697665676174657761793622207461726765745265663D22656E646576656E7431223E0A2020202020203C657874656E73696F6E456C656D656E74733E0A20202020202020203C61637469766974693A657865637574696F6E4C697374656E657220636C6173733D22636F6D2E72756F79692E6C656176652E696E7374656E65722E4C65617665456E6453746174654C697374656E657222206576656E743D2274616B65223E0A202020202020202020203C61637469766974693A6669656C64206E616D653D227374617465223E0A2020202020202020202020203C61637469766974693A737472696E673E323C2F61637469766974693A737472696E673E0A202020202020202020203C2F61637469766974693A6669656C643E0A20202020202020203C2F61637469766974693A657865637574696F6E4C697374656E65723E0A2020202020203C2F657874656E73696F6E456C656D656E74733E0A202020203C2F73657175656E6365466C6F773E0A202020203C73657175656E6365466C6F772069643D22466C6F775F30713362626A6C2220736F757263655265663D226578636C7573697665676174657761793522207461726765745265663D22656E646576656E7431223E0A2020202020203C657874656E73696F6E456C656D656E74733E0A20202020202020203C61637469766974693A657865637574696F6E4C697374656E657220636C6173733D22636F6D2E72756F79692E6C656176652E696E7374656E65722E4C65617665456E6453746174654C697374656E657222206576656E743D2274616B65223E0A202020202020202020203C61637469766974693A6669656C64206E616D653D227374617465223E0A2020202020202020202020203C61637469766974693A737472696E673E323C2F61637469766974693A737472696E673E0A202020202020202020203C2F61637469766974693A6669656C643E0A20202020202020203C2F61637469766974693A657865637574696F6E4C697374656E65723E0A2020202020203C2F657874656E73696F6E456C656D656E74733E0A202020203C2F73657175656E6365466C6F773E0A20203C2F70726F636573733E0A20203C62706D6E64693A42504D4E4469616772616D2069643D2242504D4E4469616772616D5F6C65617665223E0A202020203C62706D6E64693A42504D4E506C616E652069643D2242504D4E506C616E655F6C65617665222062706D6E456C656D656E743D226C65617665223E0A2020202020203C62706D6E64693A42504D4E456467652069643D22466C6F775F30713362626A6C5F6469222062706D6E456C656D656E743D22466C6F775F30713362626A6C223E0A20202020202020203C6F6D6764693A776179706F696E7420783D223236302220793D22383322202F3E0A20202020202020203C6F6D6764693A776179706F696E7420783D223236302220793D2231343022202F3E0A20202020202020203C6F6D6764693A776179706F696E7420783D223538322220793D2231343022202F3E0A2020202020203C2F62706D6E64693A42504D4E456467653E0A2020202020203C62706D6E64693A42504D4E456467652069643D22466C6F775F306A69377163765F6469222062706D6E456C656D656E743D22466C6F775F306A6937716376223E0A20202020202020203C6F6D6764693A776179706F696E7420783D223530352220793D22383322202F3E0A20202020202020203C6F6D6764693A776179706F696E7420783D223530352220793D2231343022202F3E0A20202020202020203C6F6D6764693A776179706F696E7420783D223538322220793D2231343022202F3E0A2020202020203C2F62706D6E64693A42504D4E456467653E0A2020202020203C62706D6E64693A42504D4E456467652069643D22466C6F775F307038353935345F6469222062706D6E456C656D656E743D22466C6F775F30703835393534223E0A20202020202020203C6F6D6764693A776179706F696E7420783D223532352220793D22363322202F3E0A20202020202020203C6F6D6764693A776179706F696E7420783D223630302220793D22363322202F3E0A20202020202020203C6F6D6764693A776179706F696E7420783D223630302220793D2231323222202F3E0A2020202020203C2F62706D6E64693A42504D4E456467653E0A2020202020203C62706D6E64693A42504D4E456467652069643D2242504D4E456467655F666C6F7736222062706D6E456C656D656E743D22666C6F7736223E0A20202020202020203C6F6D6764693A776179706F696E7420783D223435332220793D22363322202F3E0A20202020202020203C6F6D6764693A776179706F696E7420783D223438352220793D22363322202F3E0A2020202020203C2F62706D6E64693A42504D4E456467653E0A2020202020203C62706D6E64693A42504D4E456467652069643D2242504D4E456467655F666C6F7735222062706D6E456C656D656E743D22666C6F7735223E0A20202020202020203C6F6D6764693A776179706F696E7420783D223238302220793D22363322202F3E0A20202020202020203C6F6D6764693A776179706F696E7420783D223334382220793D22363322202F3E0A20202020202020203C62706D6E64693A42504D4E4C6162656C3E0A202020202020202020203C6F6D6764633A426F756E647320783D223330302220793D223436222077696474683D22323222206865696768743D22313122202F3E0A20202020202020203C2F62706D6E64693A42504D4E4C6162656C3E0A2020202020203C2F62706D6E64693A42504D4E456467653E0A2020202020203C62706D6E64693A42504D4E456467652069643D2242504D4E456467655F666C6F7733222062706D6E456C656D656E743D22666C6F7733223E0A20202020202020203C6F6D6764693A776179706F696E7420783D223138352220793D22363322202F3E0A20202020202020203C6F6D6764693A776179706F696E7420783D223234302220793D22363322202F3E0A2020202020203C2F62706D6E64693A42504D4E456467653E0A2020202020203C62706D6E64693A42504D4E456467652069643D2242504D4E456467655F666C6F7732222062706D6E456C656D656E743D22666C6F7732223E0A20202020202020203C6F6D6764693A776179706F696E7420783D2233352220793D22363322202F3E0A20202020202020203C6F6D6764693A776179706F696E7420783D2238302220793D22363322202F3E0A2020202020203C2F62706D6E64693A42504D4E456467653E0A2020202020203C62706D6E64693A42504D4E53686170652069643D2242504D4E53686170655F73746172746576656E7431222062706D6E456C656D656E743D2273746172746576656E7431223E0A20202020202020203C6F6D6764633A426F756E647320783D22302220793D223436222077696474683D22333522206865696768743D22333522202F3E0A20202020202020203C62706D6E64693A42504D4E4C6162656C3E0A202020202020202020203C6F6D6764633A426F756E647320783D22352220793D223831222077696474683D22323522206865696768743D22313422202F3E0A20202020202020203C2F62706D6E64693A42504D4E4C6162656C3E0A2020202020203C2F62706D6E64693A42504D4E53686170653E0A2020202020203C62706D6E64693A42504D4E53686170652069643D2242504D4E53686170655F646570744C6561646572566572696679222062706D6E456C656D656E743D22646570744C6561646572566572696679223E0A20202020202020203C6F6D6764633A426F756E647320783D2238302220793D223336222077696474683D2231303522206865696768743D22353522202F3E0A2020202020203C2F62706D6E64693A42504D4E53686170653E0A2020202020203C62706D6E64693A42504D4E53686170652069643D2242504D4E53686170655F6578636C75736976656761746577617935222062706D6E456C656D656E743D226578636C75736976656761746577617935222069734D61726B657256697369626C653D2274727565223E0A20202020202020203C6F6D6764633A426F756E647320783D223234302220793D223433222077696474683D22343022206865696768743D22343022202F3E0A2020202020203C2F62706D6E64693A42504D4E53686170653E0A2020202020203C62706D6E64693A42504D4E53686170652069643D2242504D4E53686170655F6872566572696679222062706D6E456C656D656E743D226872566572696679223E0A20202020202020203C6F6D6764633A426F756E647320783D223334382220793D223336222077696474683D2231303522206865696768743D22353522202F3E0A2020202020203C2F62706D6E64693A42504D4E53686170653E0A2020202020203C62706D6E64693A42504D4E53686170652069643D2242504D4E53686170655F6578636C75736976656761746577617936222062706D6E456C656D656E743D226578636C75736976656761746577617936222069734D61726B657256697369626C653D2274727565223E0A20202020202020203C6F6D6764633A426F756E647320783D223438352220793D223433222077696474683D22343022206865696768743D22343022202F3E0A2020202020203C2F62706D6E64693A42504D4E53686170653E0A2020202020203C62706D6E64693A42504D4E53686170652069643D2242504D4E53686170655F656E646576656E7431222062706D6E456C656D656E743D22656E646576656E7431223E0A20202020202020203C6F6D6764633A426F756E647320783D223538322220793D22313232222077696474683D22333522206865696768743D22333522202F3E0A20202020202020203C62706D6E64693A42504D4E4C6162656C3E0A202020202020202020203C6F6D6764633A426F756E647320783D223539302220793D22313537222077696474683D22323022206865696768743D22313422202F3E0A20202020202020203C2F62706D6E64693A42504D4E4C6162656C3E0A2020202020203C2F62706D6E64693A42504D4E53686170653E0A202020203C2F62706D6E64693A42504D4E506C616E653E0A20203C2F62706D6E64693A42504D4E4469616772616D3E0A3C2F646566696E6974696F6E733E0A, '0');

-- ----------------------------
-- Table structure for act_ge_property
-- ----------------------------
DROP TABLE IF EXISTS `act_ge_property`;
CREATE TABLE `act_ge_property` (
  `NAME_` varchar(64) COLLATE utf8_bin NOT NULL,
  `VALUE_` varchar(300) COLLATE utf8_bin DEFAULT NULL,
  `REV_` int(11) DEFAULT NULL,
  PRIMARY KEY (`NAME_`)
) ENGINE=InnoDB DEFAULT CHARSET=utf8 COLLATE=utf8_bin;

-- ----------------------------
-- Records of act_ge_property
-- ----------------------------
INSERT INTO `act_ge_property` VALUES ('cfg.execution-related-entities-count', 'false', '1');
INSERT INTO `act_ge_property` VALUES ('next.dbid', '1', '1');
INSERT INTO `act_ge_property` VALUES ('schema.history', 'create(7.0.0.0)', '1');
INSERT INTO `act_ge_property` VALUES ('schema.version', '7.0.0.0', '1');

-- ----------------------------
-- Table structure for act_hi_actinst
-- ----------------------------
DROP TABLE IF EXISTS `act_hi_actinst`;
CREATE TABLE `act_hi_actinst` (
  `ID_` varchar(64) COLLATE utf8_bin NOT NULL,
  `PROC_DEF_ID_` varchar(64) COLLATE utf8_bin NOT NULL,
  `PROC_INST_ID_` varchar(64) COLLATE utf8_bin NOT NULL,
  `EXECUTION_ID_` varchar(64) COLLATE utf8_bin NOT NULL,
  `ACT_ID_` varchar(255) COLLATE utf8_bin NOT NULL,
  `TASK_ID_` varchar(64) COLLATE utf8_bin DEFAULT NULL,
  `CALL_PROC_INST_ID_` varchar(64) COLLATE utf8_bin DEFAULT NULL,
  `ACT_NAME_` varchar(255) COLLATE utf8_bin DEFAULT NULL,
  `ACT_TYPE_` varchar(255) COLLATE utf8_bin NOT NULL,
  `ASSIGNEE_` varchar(255) COLLATE utf8_bin DEFAULT NULL,
  `START_TIME_` datetime(3) NOT NULL,
  `END_TIME_` datetime(3) DEFAULT NULL,
  `DURATION_` bigint(20) DEFAULT NULL,
  `DELETE_REASON_` varchar(4000) COLLATE utf8_bin DEFAULT NULL,
  `TENANT_ID_` varchar(255) COLLATE utf8_bin DEFAULT '',
  PRIMARY KEY (`ID_`),
  KEY `ACT_IDX_HI_ACT_INST_START` (`START_TIME_`),
  KEY `ACT_IDX_HI_ACT_INST_END` (`END_TIME_`),
  KEY `ACT_IDX_HI_ACT_INST_PROCINST` (`PROC_INST_ID_`,`ACT_ID_`),
  KEY `ACT_IDX_HI_ACT_INST_EXEC` (`EXECUTION_ID_`,`ACT_ID_`)
) ENGINE=InnoDB DEFAULT CHARSET=utf8 COLLATE=utf8_bin;

-- ----------------------------
-- Records of act_hi_actinst
-- ----------------------------
INSERT INTO `act_hi_actinst` VALUES ('1e646299-4a7b-11eb-ba86-5aa02364495c', 'leave:1:fd69d984-4a7a-11eb-ba86-5aa02364495c', '1e628dd5-4a7b-11eb-ba86-5aa02364495c', '1e63c658-4a7b-11eb-ba86-5aa02364495c', 'startevent1', null, null, 'Start', 'startEvent', null, '2020-12-30 16:43:41.626', '2020-12-30 16:43:41.630', '4', null, '');
INSERT INTO `act_hi_actinst` VALUES ('1e66104a-4a7b-11eb-ba86-5aa02364495c', 'leave:1:fd69d984-4a7a-11eb-ba86-5aa02364495c', '1e628dd5-4a7b-11eb-ba86-5aa02364495c', '1e63c658-4a7b-11eb-ba86-5aa02364495c', 'deptLeaderVerify', '1e6a2efb-4a7b-11eb-ba86-5aa02364495c', null, '', 'userTask', null, '2020-12-30 16:43:41.637', null, null, null, '');

-- ----------------------------
-- Table structure for act_hi_attachment
-- ----------------------------
DROP TABLE IF EXISTS `act_hi_attachment`;
CREATE TABLE `act_hi_attachment` (
  `ID_` varchar(64) COLLATE utf8_bin NOT NULL,
  `REV_` int(11) DEFAULT NULL,
  `USER_ID_` varchar(255) COLLATE utf8_bin DEFAULT NULL,
  `NAME_` varchar(255) COLLATE utf8_bin DEFAULT NULL,
  `DESCRIPTION_` varchar(4000) COLLATE utf8_bin DEFAULT NULL,
  `TYPE_` varchar(255) COLLATE utf8_bin DEFAULT NULL,
  `TASK_ID_` varchar(64) COLLATE utf8_bin DEFAULT NULL,
  `PROC_INST_ID_` varchar(64) COLLATE utf8_bin DEFAULT NULL,
  `URL_` varchar(4000) COLLATE utf8_bin DEFAULT NULL,
  `CONTENT_ID_` varchar(64) COLLATE utf8_bin DEFAULT NULL,
  `TIME_` datetime(3) DEFAULT NULL,
  PRIMARY KEY (`ID_`)
) ENGINE=InnoDB DEFAULT CHARSET=utf8 COLLATE=utf8_bin;

-- ----------------------------
-- Records of act_hi_attachment
-- ----------------------------

-- ----------------------------
-- Table structure for act_hi_comment
-- ----------------------------
DROP TABLE IF EXISTS `act_hi_comment`;
CREATE TABLE `act_hi_comment` (
  `ID_` varchar(64) COLLATE utf8_bin NOT NULL,
  `TYPE_` varchar(255) COLLATE utf8_bin DEFAULT NULL,
  `TIME_` datetime(3) NOT NULL,
  `USER_ID_` varchar(255) COLLATE utf8_bin DEFAULT NULL,
  `TASK_ID_` varchar(64) COLLATE utf8_bin DEFAULT NULL,
  `PROC_INST_ID_` varchar(64) COLLATE utf8_bin DEFAULT NULL,
  `ACTION_` varchar(255) COLLATE utf8_bin DEFAULT NULL,
  `MESSAGE_` varchar(4000) COLLATE utf8_bin DEFAULT NULL,
  `FULL_MSG_` longblob,
  PRIMARY KEY (`ID_`)
) ENGINE=InnoDB DEFAULT CHARSET=utf8 COLLATE=utf8_bin;

-- ----------------------------
-- Records of act_hi_comment
-- ----------------------------

-- ----------------------------
-- Table structure for act_hi_detail
-- ----------------------------
DROP TABLE IF EXISTS `act_hi_detail`;
CREATE TABLE `act_hi_detail` (
  `ID_` varchar(64) COLLATE utf8_bin NOT NULL,
  `TYPE_` varchar(255) COLLATE utf8_bin NOT NULL,
  `PROC_INST_ID_` varchar(64) COLLATE utf8_bin DEFAULT NULL,
  `EXECUTION_ID_` varchar(64) COLLATE utf8_bin DEFAULT NULL,
  `TASK_ID_` varchar(64) COLLATE utf8_bin DEFAULT NULL,
  `ACT_INST_ID_` varchar(64) COLLATE utf8_bin DEFAULT NULL,
  `NAME_` varchar(255) COLLATE utf8_bin NOT NULL,
  `VAR_TYPE_` varchar(255) COLLATE utf8_bin DEFAULT NULL,
  `REV_` int(11) DEFAULT NULL,
  `TIME_` datetime(3) NOT NULL,
  `BYTEARRAY_ID_` varchar(64) COLLATE utf8_bin DEFAULT NULL,
  `DOUBLE_` double DEFAULT NULL,
  `LONG_` bigint(20) DEFAULT NULL,
  `TEXT_` varchar(4000) COLLATE utf8_bin DEFAULT NULL,
  `TEXT2_` varchar(4000) COLLATE utf8_bin DEFAULT NULL,
  PRIMARY KEY (`ID_`),
  KEY `ACT_IDX_HI_DETAIL_PROC_INST` (`PROC_INST_ID_`),
  KEY `ACT_IDX_HI_DETAIL_ACT_INST` (`ACT_INST_ID_`),
  KEY `ACT_IDX_HI_DETAIL_TIME` (`TIME_`),
  KEY `ACT_IDX_HI_DETAIL_NAME` (`NAME_`),
  KEY `ACT_IDX_HI_DETAIL_TASK_ID` (`TASK_ID_`)
) ENGINE=InnoDB DEFAULT CHARSET=utf8 COLLATE=utf8_bin;

-- ----------------------------
-- Records of act_hi_detail
-- ----------------------------
INSERT INTO `act_hi_detail` VALUES ('1e630307-4a7b-11eb-ba86-5aa02364495c', 'VariableUpdate', '1e628dd5-4a7b-11eb-ba86-5aa02364495c', '1e628dd5-4a7b-11eb-ba86-5aa02364495c', null, null, 'deptLeader', 'string', '0', '2020-12-30 16:43:41.617', null, null, null, '', null);
INSERT INTO `act_hi_detail` VALUES ('1e6bb59d-4a7b-11eb-ba86-5aa02364495c', 'VariableUpdate', '1e628dd5-4a7b-11eb-ba86-5aa02364495c', '1e63c658-4a7b-11eb-ba86-5aa02364495c', '1e6a2efb-4a7b-11eb-ba86-5aa02364495c', null, 'deptLeader', 'string', '0', '2020-12-30 16:43:41.674', null, null, null, '', null);

-- ----------------------------
-- Table structure for act_hi_identitylink
-- ----------------------------
DROP TABLE IF EXISTS `act_hi_identitylink`;
CREATE TABLE `act_hi_identitylink` (
  `ID_` varchar(64) COLLATE utf8_bin NOT NULL,
  `GROUP_ID_` varchar(255) COLLATE utf8_bin DEFAULT NULL,
  `TYPE_` varchar(255) COLLATE utf8_bin DEFAULT NULL,
  `USER_ID_` varchar(255) COLLATE utf8_bin DEFAULT NULL,
  `TASK_ID_` varchar(64) COLLATE utf8_bin DEFAULT NULL,
  `PROC_INST_ID_` varchar(64) COLLATE utf8_bin DEFAULT NULL,
  PRIMARY KEY (`ID_`),
  KEY `ACT_IDX_HI_IDENT_LNK_USER` (`USER_ID_`),
  KEY `ACT_IDX_HI_IDENT_LNK_TASK` (`TASK_ID_`),
  KEY `ACT_IDX_HI_IDENT_LNK_PROCINST` (`PROC_INST_ID_`)
) ENGINE=InnoDB DEFAULT CHARSET=utf8 COLLATE=utf8_bin;

-- ----------------------------
-- Records of act_hi_identitylink
-- ----------------------------
INSERT INTO `act_hi_identitylink` VALUES ('1e6d3c3e-4a7b-11eb-ba86-5aa02364495c', null, 'candidate', '', '1e6a2efb-4a7b-11eb-ba86-5aa02364495c', null);
INSERT INTO `act_hi_identitylink` VALUES ('1e6d634f-4a7b-11eb-ba86-5aa02364495c', null, 'participant', '', null, '1e628dd5-4a7b-11eb-ba86-5aa02364495c');

-- ----------------------------
-- Table structure for act_hi_procinst
-- ----------------------------
DROP TABLE IF EXISTS `act_hi_procinst`;
CREATE TABLE `act_hi_procinst` (
  `ID_` varchar(64) COLLATE utf8_bin NOT NULL,
  `PROC_INST_ID_` varchar(64) COLLATE utf8_bin NOT NULL,
  `BUSINESS_KEY_` varchar(255) COLLATE utf8_bin DEFAULT NULL,
  `PROC_DEF_ID_` varchar(64) COLLATE utf8_bin NOT NULL,
  `START_TIME_` datetime(3) NOT NULL,
  `END_TIME_` datetime(3) DEFAULT NULL,
  `DURATION_` bigint(20) DEFAULT NULL,
  `START_USER_ID_` varchar(255) COLLATE utf8_bin DEFAULT NULL,
  `START_ACT_ID_` varchar(255) COLLATE utf8_bin DEFAULT NULL,
  `END_ACT_ID_` varchar(255) COLLATE utf8_bin DEFAULT NULL,
  `SUPER_PROCESS_INSTANCE_ID_` varchar(64) COLLATE utf8_bin DEFAULT NULL,
  `DELETE_REASON_` varchar(4000) COLLATE utf8_bin DEFAULT NULL,
  `TENANT_ID_` varchar(255) COLLATE utf8_bin DEFAULT '',
  `NAME_` varchar(255) COLLATE utf8_bin DEFAULT NULL,
  PRIMARY KEY (`ID_`),
  UNIQUE KEY `PROC_INST_ID_` (`PROC_INST_ID_`),
  KEY `ACT_IDX_HI_PRO_INST_END` (`END_TIME_`),
  KEY `ACT_IDX_HI_PRO_I_BUSKEY` (`BUSINESS_KEY_`)
) ENGINE=InnoDB DEFAULT CHARSET=utf8 COLLATE=utf8_bin;

-- ----------------------------
-- Records of act_hi_procinst
-- ----------------------------
INSERT INTO `act_hi_procinst` VALUES ('1e628dd5-4a7b-11eb-ba86-5aa02364495c', '1e628dd5-4a7b-11eb-ba86-5aa02364495c', '8e303256-70fa-40b9-a501-736b6e465b99', 'leave:1:fd69d984-4a7a-11eb-ba86-5aa02364495c', '2020-12-30 16:43:41.614', null, null, null, 'startevent1', null, null, null, '', '');

-- ----------------------------
-- Table structure for act_hi_taskinst
-- ----------------------------
DROP TABLE IF EXISTS `act_hi_taskinst`;
CREATE TABLE `act_hi_taskinst` (
  `ID_` varchar(64) COLLATE utf8_bin NOT NULL,
  `PROC_DEF_ID_` varchar(64) COLLATE utf8_bin DEFAULT NULL,
  `TASK_DEF_KEY_` varchar(255) COLLATE utf8_bin DEFAULT NULL,
  `PROC_INST_ID_` varchar(64) COLLATE utf8_bin DEFAULT NULL,
  `EXECUTION_ID_` varchar(64) COLLATE utf8_bin DEFAULT NULL,
  `NAME_` varchar(255) COLLATE utf8_bin DEFAULT NULL,
  `PARENT_TASK_ID_` varchar(64) COLLATE utf8_bin DEFAULT NULL,
  `DESCRIPTION_` varchar(4000) COLLATE utf8_bin DEFAULT NULL,
  `OWNER_` varchar(255) COLLATE utf8_bin DEFAULT NULL,
  `ASSIGNEE_` varchar(255) COLLATE utf8_bin DEFAULT NULL,
  `START_TIME_` datetime(3) NOT NULL,
  `CLAIM_TIME_` datetime(3) DEFAULT NULL,
  `END_TIME_` datetime(3) DEFAULT NULL,
  `DURATION_` bigint(20) DEFAULT NULL,
  `DELETE_REASON_` varchar(4000) COLLATE utf8_bin DEFAULT NULL,
  `PRIORITY_` int(11) DEFAULT NULL,
  `DUE_DATE_` datetime(3) DEFAULT NULL,
  `FORM_KEY_` varchar(255) COLLATE utf8_bin DEFAULT NULL,
  `CATEGORY_` varchar(255) COLLATE utf8_bin DEFAULT NULL,
  `TENANT_ID_` varchar(255) COLLATE utf8_bin DEFAULT '',
  PRIMARY KEY (`ID_`),
  KEY `ACT_IDX_HI_TASK_INST_PROCINST` (`PROC_INST_ID_`)
) ENGINE=InnoDB DEFAULT CHARSET=utf8 COLLATE=utf8_bin;

-- ----------------------------
-- Records of act_hi_taskinst
-- ----------------------------
INSERT INTO `act_hi_taskinst` VALUES ('1e6a2efb-4a7b-11eb-ba86-5aa02364495c', 'leave:1:fd69d984-4a7a-11eb-ba86-5aa02364495c', 'deptLeaderVerify', '1e628dd5-4a7b-11eb-ba86-5aa02364495c', '1e63c658-4a7b-11eb-ba86-5aa02364495c', '', null, null, null, null, '2020-12-30 16:43:41.664', null, null, null, null, '50', null, 'deptLeaderVerify', null, '');

-- ----------------------------
-- Table structure for act_hi_varinst
-- ----------------------------
DROP TABLE IF EXISTS `act_hi_varinst`;
CREATE TABLE `act_hi_varinst` (
  `ID_` varchar(64) COLLATE utf8_bin NOT NULL,
  `PROC_INST_ID_` varchar(64) COLLATE utf8_bin DEFAULT NULL,
  `EXECUTION_ID_` varchar(64) COLLATE utf8_bin DEFAULT NULL,
  `TASK_ID_` varchar(64) COLLATE utf8_bin DEFAULT NULL,
  `NAME_` varchar(255) COLLATE utf8_bin NOT NULL,
  `VAR_TYPE_` varchar(100) COLLATE utf8_bin DEFAULT NULL,
  `REV_` int(11) DEFAULT NULL,
  `BYTEARRAY_ID_` varchar(64) COLLATE utf8_bin DEFAULT NULL,
  `DOUBLE_` double DEFAULT NULL,
  `LONG_` bigint(20) DEFAULT NULL,
  `TEXT_` varchar(4000) COLLATE utf8_bin DEFAULT NULL,
  `TEXT2_` varchar(4000) COLLATE utf8_bin DEFAULT NULL,
  `CREATE_TIME_` datetime(3) DEFAULT NULL,
  `LAST_UPDATED_TIME_` datetime(3) DEFAULT NULL,
  PRIMARY KEY (`ID_`),
  KEY `ACT_IDX_HI_PROCVAR_PROC_INST` (`PROC_INST_ID_`),
  KEY `ACT_IDX_HI_PROCVAR_NAME_TYPE` (`NAME_`,`VAR_TYPE_`),
  KEY `ACT_IDX_HI_PROCVAR_TASK_ID` (`TASK_ID_`)
) ENGINE=InnoDB DEFAULT CHARSET=utf8 COLLATE=utf8_bin;

-- ----------------------------
-- Records of act_hi_varinst
-- ----------------------------
INSERT INTO `act_hi_varinst` VALUES ('1e62dbf6-4a7b-11eb-ba86-5aa02364495c', '1e628dd5-4a7b-11eb-ba86-5aa02364495c', '1e628dd5-4a7b-11eb-ba86-5aa02364495c', null, 'deptLeader', 'string', '0', null, null, null, '', null, '2020-12-30 16:43:41.617', '2020-12-30 16:43:41.617');
INSERT INTO `act_hi_varinst` VALUES ('1e6bb59c-4a7b-11eb-ba86-5aa02364495c', '1e628dd5-4a7b-11eb-ba86-5aa02364495c', '1e63c658-4a7b-11eb-ba86-5aa02364495c', '1e6a2efb-4a7b-11eb-ba86-5aa02364495c', 'deptLeader', 'string', '0', null, null, null, '', null, '2020-12-30 16:43:41.674', '2020-12-30 16:43:41.674');

-- ----------------------------
-- Table structure for act_procdef_info
-- ----------------------------
DROP TABLE IF EXISTS `act_procdef_info`;
CREATE TABLE `act_procdef_info` (
  `ID_` varchar(64) COLLATE utf8_bin NOT NULL,
  `PROC_DEF_ID_` varchar(64) COLLATE utf8_bin NOT NULL,
  `REV_` int(11) DEFAULT NULL,
  `INFO_JSON_ID_` varchar(64) COLLATE utf8_bin DEFAULT NULL,
  PRIMARY KEY (`ID_`),
  UNIQUE KEY `ACT_UNIQ_INFO_PROCDEF` (`PROC_DEF_ID_`),
  KEY `ACT_IDX_INFO_PROCDEF` (`PROC_DEF_ID_`),
  KEY `ACT_FK_INFO_JSON_BA` (`INFO_JSON_ID_`),
  CONSTRAINT `ACT_FK_INFO_JSON_BA` FOREIGN KEY (`INFO_JSON_ID_`) REFERENCES `act_ge_bytearray` (`ID_`),
  CONSTRAINT `ACT_FK_INFO_PROCDEF` FOREIGN KEY (`PROC_DEF_ID_`) REFERENCES `act_re_procdef` (`ID_`)
) ENGINE=InnoDB DEFAULT CHARSET=utf8 COLLATE=utf8_bin;

-- ----------------------------
-- Records of act_procdef_info
-- ----------------------------

-- ----------------------------
-- Table structure for act_re_deployment
-- ----------------------------
DROP TABLE IF EXISTS `act_re_deployment`;
CREATE TABLE `act_re_deployment` (
  `ID_` varchar(64) COLLATE utf8_bin NOT NULL,
  `NAME_` varchar(255) COLLATE utf8_bin DEFAULT NULL,
  `CATEGORY_` varchar(255) COLLATE utf8_bin DEFAULT NULL,
  `KEY_` varchar(255) COLLATE utf8_bin DEFAULT NULL,
  `TENANT_ID_` varchar(255) COLLATE utf8_bin DEFAULT '',
  `DEPLOY_TIME_` timestamp(3) NULL DEFAULT NULL,
  `ENGINE_VERSION_` varchar(255) COLLATE utf8_bin DEFAULT NULL,
  `PROJECT_RELEASE_VERSION_` varchar(255) COLLATE utf8_bin DEFAULT NULL,
  `VERSION_` varchar(255) COLLATE utf8_bin DEFAULT NULL,
  PRIMARY KEY (`ID_`)
) ENGINE=InnoDB DEFAULT CHARSET=utf8 COLLATE=utf8_bin;

-- ----------------------------
-- Records of act_re_deployment
-- ----------------------------
INSERT INTO `act_re_deployment` VALUES ('1cd45448-9361-11eb-ac84-005056c00001', null, null, null, '', '2021-04-02 11:11:26.972', null, null, '1');
INSERT INTO `act_re_deployment` VALUES ('3fe4ec1b-9361-11eb-ac84-005056c00001', null, null, null, '', '2021-04-02 11:12:25.801', null, null, '1');
INSERT INTO `act_re_deployment` VALUES ('611d77ec-86d1-11eb-bff4-0c7a15084ca2', null, null, null, '', '2021-03-17 11:32:20.053', null, null, '1');
INSERT INTO `act_re_deployment` VALUES ('9498d73c-9360-11eb-ac84-005056c00001', null, null, null, '', '2021-04-02 11:07:38.411', null, null, '1');
INSERT INTO `act_re_deployment` VALUES ('c2e4ccd2-9360-11eb-ac84-005056c00001', null, null, null, '', '2021-04-02 11:08:56.085', null, null, '1');
INSERT INTO `act_re_deployment` VALUES ('de3bcdea-3b91-11eb-9492-5aa02364495c', null, null, null, '', '2020-12-11 17:18:44.969', null, null, '1');
INSERT INTO `act_re_deployment` VALUES ('efea5fb5-9360-11eb-ac84-005056c00001', null, null, null, '', '2021-04-02 11:10:11.619', null, null, '1');
INSERT INTO `act_re_deployment` VALUES ('fd1529d2-4a7a-11eb-ba86-5aa02364495c', null, null, null, '', '2020-12-30 16:42:45.742', null, null, '1');

-- ----------------------------
-- Table structure for act_re_model
-- ----------------------------
DROP TABLE IF EXISTS `act_re_model`;
CREATE TABLE `act_re_model` (
  `ID_` varchar(64) COLLATE utf8_bin NOT NULL,
  `REV_` int(11) DEFAULT NULL,
  `NAME_` varchar(255) COLLATE utf8_bin DEFAULT NULL,
  `KEY_` varchar(255) COLLATE utf8_bin DEFAULT NULL,
  `CATEGORY_` varchar(255) COLLATE utf8_bin DEFAULT NULL,
  `CREATE_TIME_` timestamp(3) NULL DEFAULT NULL,
  `LAST_UPDATE_TIME_` timestamp(3) NULL DEFAULT NULL,
  `VERSION_` int(11) DEFAULT NULL,
  `META_INFO_` varchar(4000) COLLATE utf8_bin DEFAULT NULL,
  `DEPLOYMENT_ID_` varchar(64) COLLATE utf8_bin DEFAULT NULL,
  `EDITOR_SOURCE_VALUE_ID_` varchar(64) COLLATE utf8_bin DEFAULT NULL,
  `EDITOR_SOURCE_EXTRA_VALUE_ID_` varchar(64) COLLATE utf8_bin DEFAULT NULL,
  `TENANT_ID_` varchar(255) COLLATE utf8_bin DEFAULT '',
  PRIMARY KEY (`ID_`),
  KEY `ACT_FK_MODEL_SOURCE` (`EDITOR_SOURCE_VALUE_ID_`),
  KEY `ACT_FK_MODEL_SOURCE_EXTRA` (`EDITOR_SOURCE_EXTRA_VALUE_ID_`),
  KEY `ACT_FK_MODEL_DEPLOYMENT` (`DEPLOYMENT_ID_`),
  CONSTRAINT `ACT_FK_MODEL_DEPLOYMENT` FOREIGN KEY (`DEPLOYMENT_ID_`) REFERENCES `act_re_deployment` (`ID_`),
  CONSTRAINT `ACT_FK_MODEL_SOURCE` FOREIGN KEY (`EDITOR_SOURCE_VALUE_ID_`) REFERENCES `act_ge_bytearray` (`ID_`),
  CONSTRAINT `ACT_FK_MODEL_SOURCE_EXTRA` FOREIGN KEY (`EDITOR_SOURCE_EXTRA_VALUE_ID_`) REFERENCES `act_ge_bytearray` (`ID_`)
) ENGINE=InnoDB DEFAULT CHARSET=utf8 COLLATE=utf8_bin;

-- ----------------------------
-- Records of act_re_model
-- ----------------------------

-- ----------------------------
-- Table structure for act_re_procdef
-- ----------------------------
DROP TABLE IF EXISTS `act_re_procdef`;
CREATE TABLE `act_re_procdef` (
  `ID_` varchar(64) COLLATE utf8_bin NOT NULL,
  `REV_` int(11) DEFAULT NULL,
  `CATEGORY_` varchar(255) COLLATE utf8_bin DEFAULT NULL,
  `NAME_` varchar(255) COLLATE utf8_bin DEFAULT NULL,
  `KEY_` varchar(255) COLLATE utf8_bin NOT NULL,
  `VERSION_` int(11) NOT NULL,
  `DEPLOYMENT_ID_` varchar(64) COLLATE utf8_bin DEFAULT NULL,
  `RESOURCE_NAME_` varchar(4000) COLLATE utf8_bin DEFAULT NULL,
  `DGRM_RESOURCE_NAME_` varchar(4000) COLLATE utf8_bin DEFAULT NULL,
  `DESCRIPTION_` varchar(4000) COLLATE utf8_bin DEFAULT NULL,
  `HAS_START_FORM_KEY_` tinyint(4) DEFAULT NULL,
  `HAS_GRAPHICAL_NOTATION_` tinyint(4) DEFAULT NULL,
  `SUSPENSION_STATE_` int(11) DEFAULT NULL,
  `TENANT_ID_` varchar(255) COLLATE utf8_bin DEFAULT '',
  `ENGINE_VERSION_` varchar(255) COLLATE utf8_bin DEFAULT NULL,
  PRIMARY KEY (`ID_`),
  UNIQUE KEY `ACT_UNIQ_PROCDEF` (`KEY_`,`VERSION_`,`TENANT_ID_`)
) ENGINE=InnoDB DEFAULT CHARSET=utf8 COLLATE=utf8_bin;

-- ----------------------------
-- Records of act_re_procdef
-- ----------------------------
INSERT INTO `act_re_procdef` VALUES ('Finalinspection:1:3fe7360d-9361-11eb-ac84-005056c00001', '1', 'http://activiti.org/bpmn', '-', 'Finalinspection', '1', '3fe4ec1b-9361-11eb-ac84-005056c00001', 'CreateWithBPMNJS.bpmn', null, null, '0', '1', '1', '', null);
INSERT INTO `act_re_procdef` VALUES ('Implement:1:949c329e-9360-11eb-ac84-005056c00001', '1', 'http://activiti.org/bpmn', '-', 'Implement', '1', '9498d73c-9360-11eb-ac84-005056c00001', 'CreateWithBPMNJS.bpmn', null, null, '0', '1', '1', '', null);
INSERT INTO `act_re_procdef` VALUES ('Initialtest:1:efed1ed7-9360-11eb-ac84-005056c00001', '1', 'http://activiti.org/bpmn', '-', 'Initialtest', '1', 'efea5fb5-9360-11eb-ac84-005056c00001', 'CreateWithBPMNJS.bpmn', null, null, '0', '1', '1', '', null);
INSERT INTO `act_re_procdef` VALUES ('Trialrun:1:1cd6c54a-9361-11eb-ac84-005056c00001', '1', 'http://activiti.org/bpmn', '-', 'Trialrun', '1', '1cd45448-9361-11eb-ac84-005056c00001', 'CreateWithBPMNJS.bpmn', null, null, '0', '1', '1', '', null);
INSERT INTO `act_re_procdef` VALUES ('ceshi:3:de3e65fc-3b91-11eb-9492-5aa02364495c', '1', 'http://activiti.org/bpmn', '', 'ceshi', '3', 'de3bcdea-3b91-11eb-9492-5aa02364495c', 'CreateWithBPMNJS.bpmn', null, null, '0', '1', '1', '', null);
INSERT INTO `act_re_procdef` VALUES ('leave:1:fd69d984-4a7a-11eb-ba86-5aa02364495c', '1', 'http://www.kafeitu.me/activiti/leave', '-', 'leave', '1', 'fd1529d2-4a7a-11eb-ba86-5aa02364495c', 'leave.bpmn', null, '', '0', '1', '1', '', null);
INSERT INTO `act_re_procdef` VALUES ('requirement:1:614a062e-86d1-11eb-bff4-0c7a15084ca2', '1', 'http://activiti.org/bpmn', '-', 'requirement', '1', '611d77ec-86d1-11eb-bff4-0c7a15084ca2', 'CreateWithBPMNJS.bpmn', null, null, '0', '1', '1', '', null);
INSERT INTO `act_re_procdef` VALUES ('summary:1:c2e7b304-9360-11eb-ac84-005056c00001', '1', 'http://activiti.org/bpmn', '-', 'summary', '1', 'c2e4ccd2-9360-11eb-ac84-005056c00001', 'CreateWithBPMNJS.bpmn', null, null, '0', '1', '1', '', null);

-- ----------------------------
-- Table structure for act_ru_deadletter_job
-- ----------------------------
DROP TABLE IF EXISTS `act_ru_deadletter_job`;
CREATE TABLE `act_ru_deadletter_job` (
  `ID_` varchar(64) COLLATE utf8_bin NOT NULL,
  `REV_` int(11) DEFAULT NULL,
  `TYPE_` varchar(255) COLLATE utf8_bin NOT NULL,
  `EXCLUSIVE_` tinyint(1) DEFAULT NULL,
  `EXECUTION_ID_` varchar(64) COLLATE utf8_bin DEFAULT NULL,
  `PROCESS_INSTANCE_ID_` varchar(64) COLLATE utf8_bin DEFAULT NULL,
  `PROC_DEF_ID_` varchar(64) COLLATE utf8_bin DEFAULT NULL,
  `EXCEPTION_STACK_ID_` varchar(64) COLLATE utf8_bin DEFAULT NULL,
  `EXCEPTION_MSG_` varchar(4000) COLLATE utf8_bin DEFAULT NULL,
  `DUEDATE_` timestamp(3) NULL DEFAULT NULL,
  `REPEAT_` varchar(255) COLLATE utf8_bin DEFAULT NULL,
  `HANDLER_TYPE_` varchar(255) COLLATE utf8_bin DEFAULT NULL,
  `HANDLER_CFG_` varchar(4000) COLLATE utf8_bin DEFAULT NULL,
  `TENANT_ID_` varchar(255) COLLATE utf8_bin DEFAULT '',
  PRIMARY KEY (`ID_`),
  KEY `ACT_FK_DEADLETTER_JOB_EXECUTION` (`EXECUTION_ID_`),
  KEY `ACT_FK_DEADLETTER_JOB_PROCESS_INSTANCE` (`PROCESS_INSTANCE_ID_`),
  KEY `ACT_FK_DEADLETTER_JOB_PROC_DEF` (`PROC_DEF_ID_`),
  KEY `ACT_FK_DEADLETTER_JOB_EXCEPTION` (`EXCEPTION_STACK_ID_`),
  CONSTRAINT `ACT_FK_DEADLETTER_JOB_EXCEPTION` FOREIGN KEY (`EXCEPTION_STACK_ID_`) REFERENCES `act_ge_bytearray` (`ID_`),
  CONSTRAINT `ACT_FK_DEADLETTER_JOB_EXECUTION` FOREIGN KEY (`EXECUTION_ID_`) REFERENCES `act_ru_execution` (`ID_`),
  CONSTRAINT `ACT_FK_DEADLETTER_JOB_PROCESS_INSTANCE` FOREIGN KEY (`PROCESS_INSTANCE_ID_`) REFERENCES `act_ru_execution` (`ID_`),
  CONSTRAINT `ACT_FK_DEADLETTER_JOB_PROC_DEF` FOREIGN KEY (`PROC_DEF_ID_`) REFERENCES `act_re_procdef` (`ID_`)
) ENGINE=InnoDB DEFAULT CHARSET=utf8 COLLATE=utf8_bin;

-- ----------------------------
-- Records of act_ru_deadletter_job
-- ----------------------------

-- ----------------------------
-- Table structure for act_ru_event_subscr
-- ----------------------------
DROP TABLE IF EXISTS `act_ru_event_subscr`;
CREATE TABLE `act_ru_event_subscr` (
  `ID_` varchar(64) COLLATE utf8_bin NOT NULL,
  `REV_` int(11) DEFAULT NULL,
  `EVENT_TYPE_` varchar(255) COLLATE utf8_bin NOT NULL,
  `EVENT_NAME_` varchar(255) COLLATE utf8_bin DEFAULT NULL,
  `EXECUTION_ID_` varchar(64) COLLATE utf8_bin DEFAULT NULL,
  `PROC_INST_ID_` varchar(64) COLLATE utf8_bin DEFAULT NULL,
  `ACTIVITY_ID_` varchar(64) COLLATE utf8_bin DEFAULT NULL,
  `CONFIGURATION_` varchar(255) COLLATE utf8_bin DEFAULT NULL,
  `CREATED_` timestamp(3) NOT NULL DEFAULT CURRENT_TIMESTAMP(3),
  `PROC_DEF_ID_` varchar(64) COLLATE utf8_bin DEFAULT NULL,
  `TENANT_ID_` varchar(255) COLLATE utf8_bin DEFAULT '',
  PRIMARY KEY (`ID_`),
  KEY `ACT_IDX_EVENT_SUBSCR_CONFIG_` (`CONFIGURATION_`),
  KEY `ACT_FK_EVENT_EXEC` (`EXECUTION_ID_`),
  CONSTRAINT `ACT_FK_EVENT_EXEC` FOREIGN KEY (`EXECUTION_ID_`) REFERENCES `act_ru_execution` (`ID_`)
) ENGINE=InnoDB DEFAULT CHARSET=utf8 COLLATE=utf8_bin;

-- ----------------------------
-- Records of act_ru_event_subscr
-- ----------------------------

-- ----------------------------
-- Table structure for act_ru_execution
-- ----------------------------
DROP TABLE IF EXISTS `act_ru_execution`;
CREATE TABLE `act_ru_execution` (
  `ID_` varchar(64) COLLATE utf8_bin NOT NULL,
  `REV_` int(11) DEFAULT NULL,
  `PROC_INST_ID_` varchar(64) COLLATE utf8_bin DEFAULT NULL,
  `BUSINESS_KEY_` varchar(255) COLLATE utf8_bin DEFAULT NULL,
  `PARENT_ID_` varchar(64) COLLATE utf8_bin DEFAULT NULL,
  `PROC_DEF_ID_` varchar(64) COLLATE utf8_bin DEFAULT NULL,
  `SUPER_EXEC_` varchar(64) COLLATE utf8_bin DEFAULT NULL,
  `ROOT_PROC_INST_ID_` varchar(64) COLLATE utf8_bin DEFAULT NULL,
  `ACT_ID_` varchar(255) COLLATE utf8_bin DEFAULT NULL,
  `IS_ACTIVE_` tinyint(4) DEFAULT NULL,
  `IS_CONCURRENT_` tinyint(4) DEFAULT NULL,
  `IS_SCOPE_` tinyint(4) DEFAULT NULL,
  `IS_EVENT_SCOPE_` tinyint(4) DEFAULT NULL,
  `IS_MI_ROOT_` tinyint(4) DEFAULT NULL,
  `SUSPENSION_STATE_` int(11) DEFAULT NULL,
  `CACHED_ENT_STATE_` int(11) DEFAULT NULL,
  `TENANT_ID_` varchar(255) COLLATE utf8_bin DEFAULT '',
  `NAME_` varchar(255) COLLATE utf8_bin DEFAULT NULL,
  `START_TIME_` datetime(3) DEFAULT NULL,
  `START_USER_ID_` varchar(255) COLLATE utf8_bin DEFAULT NULL,
  `LOCK_TIME_` timestamp(3) NULL DEFAULT NULL,
  `IS_COUNT_ENABLED_` tinyint(4) DEFAULT NULL,
  `EVT_SUBSCR_COUNT_` int(11) DEFAULT NULL,
  `TASK_COUNT_` int(11) DEFAULT NULL,
  `JOB_COUNT_` int(11) DEFAULT NULL,
  `TIMER_JOB_COUNT_` int(11) DEFAULT NULL,
  `SUSP_JOB_COUNT_` int(11) DEFAULT NULL,
  `DEADLETTER_JOB_COUNT_` int(11) DEFAULT NULL,
  `VAR_COUNT_` int(11) DEFAULT NULL,
  `ID_LINK_COUNT_` int(11) DEFAULT NULL,
  PRIMARY KEY (`ID_`),
  KEY `ACT_IDX_EXEC_BUSKEY` (`BUSINESS_KEY_`),
  KEY `ACT_IDC_EXEC_ROOT` (`ROOT_PROC_INST_ID_`),
  KEY `ACT_FK_EXE_PROCINST` (`PROC_INST_ID_`),
  KEY `ACT_FK_EXE_PARENT` (`PARENT_ID_`),
  KEY `ACT_FK_EXE_SUPER` (`SUPER_EXEC_`),
  KEY `ACT_FK_EXE_PROCDEF` (`PROC_DEF_ID_`),
  CONSTRAINT `ACT_FK_EXE_PARENT` FOREIGN KEY (`PARENT_ID_`) REFERENCES `act_ru_execution` (`ID_`) ON DELETE CASCADE,
  CONSTRAINT `ACT_FK_EXE_PROCDEF` FOREIGN KEY (`PROC_DEF_ID_`) REFERENCES `act_re_procdef` (`ID_`),
  CONSTRAINT `ACT_FK_EXE_PROCINST` FOREIGN KEY (`PROC_INST_ID_`) REFERENCES `act_ru_execution` (`ID_`) ON DELETE CASCADE ON UPDATE CASCADE,
  CONSTRAINT `ACT_FK_EXE_SUPER` FOREIGN KEY (`SUPER_EXEC_`) REFERENCES `act_ru_execution` (`ID_`) ON DELETE CASCADE
) ENGINE=InnoDB DEFAULT CHARSET=utf8 COLLATE=utf8_bin;

-- ----------------------------
-- Records of act_ru_execution
-- ----------------------------
INSERT INTO `act_ru_execution` VALUES ('1e628dd5-4a7b-11eb-ba86-5aa02364495c', '1', '1e628dd5-4a7b-11eb-ba86-5aa02364495c', '8e303256-70fa-40b9-a501-736b6e465b99', null, 'leave:1:fd69d984-4a7a-11eb-ba86-5aa02364495c', null, '1e628dd5-4a7b-11eb-ba86-5aa02364495c', null, '1', '0', '1', '0', '0', '1', null, '', '', '2020-12-30 16:43:41.614', null, null, '0', '0', '0', '0', '0', '0', '0', '0', '0');
INSERT INTO `act_ru_execution` VALUES ('1e63c658-4a7b-11eb-ba86-5aa02364495c', '1', '1e628dd5-4a7b-11eb-ba86-5aa02364495c', null, '1e628dd5-4a7b-11eb-ba86-5aa02364495c', 'leave:1:fd69d984-4a7a-11eb-ba86-5aa02364495c', null, '1e628dd5-4a7b-11eb-ba86-5aa02364495c', 'deptLeaderVerify', '1', '0', '0', '0', '0', '1', null, '', null, '2020-12-30 16:43:41.622', null, null, '0', '0', '0', '0', '0', '0', '0', '0', '0');

-- ----------------------------
-- Table structure for act_ru_identitylink
-- ----------------------------
DROP TABLE IF EXISTS `act_ru_identitylink`;
CREATE TABLE `act_ru_identitylink` (
  `ID_` varchar(64) COLLATE utf8_bin NOT NULL,
  `REV_` int(11) DEFAULT NULL,
  `GROUP_ID_` varchar(255) COLLATE utf8_bin DEFAULT NULL,
  `TYPE_` varchar(255) COLLATE utf8_bin DEFAULT NULL,
  `USER_ID_` varchar(255) COLLATE utf8_bin DEFAULT NULL,
  `TASK_ID_` varchar(64) COLLATE utf8_bin DEFAULT NULL,
  `PROC_INST_ID_` varchar(64) COLLATE utf8_bin DEFAULT NULL,
  `PROC_DEF_ID_` varchar(64) COLLATE utf8_bin DEFAULT NULL,
  PRIMARY KEY (`ID_`),
  KEY `ACT_IDX_IDENT_LNK_USER` (`USER_ID_`),
  KEY `ACT_IDX_IDENT_LNK_GROUP` (`GROUP_ID_`),
  KEY `ACT_IDX_ATHRZ_PROCEDEF` (`PROC_DEF_ID_`),
  KEY `ACT_FK_TSKASS_TASK` (`TASK_ID_`),
  KEY `ACT_FK_IDL_PROCINST` (`PROC_INST_ID_`),
  CONSTRAINT `ACT_FK_ATHRZ_PROCEDEF` FOREIGN KEY (`PROC_DEF_ID_`) REFERENCES `act_re_procdef` (`ID_`),
  CONSTRAINT `ACT_FK_IDL_PROCINST` FOREIGN KEY (`PROC_INST_ID_`) REFERENCES `act_ru_execution` (`ID_`),
  CONSTRAINT `ACT_FK_TSKASS_TASK` FOREIGN KEY (`TASK_ID_`) REFERENCES `act_ru_task` (`ID_`)
) ENGINE=InnoDB DEFAULT CHARSET=utf8 COLLATE=utf8_bin;

-- ----------------------------
-- Records of act_ru_identitylink
-- ----------------------------
INSERT INTO `act_ru_identitylink` VALUES ('1e6d3c3e-4a7b-11eb-ba86-5aa02364495c', '1', null, 'candidate', '', '1e6a2efb-4a7b-11eb-ba86-5aa02364495c', null, null);
INSERT INTO `act_ru_identitylink` VALUES ('1e6d634f-4a7b-11eb-ba86-5aa02364495c', '1', null, 'participant', '', null, '1e628dd5-4a7b-11eb-ba86-5aa02364495c', null);

-- ----------------------------
-- Table structure for act_ru_integration
-- ----------------------------
DROP TABLE IF EXISTS `act_ru_integration`;
CREATE TABLE `act_ru_integration` (
  `ID_` varchar(64) COLLATE utf8_bin NOT NULL,
  `EXECUTION_ID_` varchar(64) COLLATE utf8_bin DEFAULT NULL,
  `PROCESS_INSTANCE_ID_` varchar(64) COLLATE utf8_bin DEFAULT NULL,
  `PROC_DEF_ID_` varchar(64) COLLATE utf8_bin DEFAULT NULL,
  `FLOW_NODE_ID_` varchar(64) COLLATE utf8_bin DEFAULT NULL,
  `CREATED_DATE_` timestamp(3) NOT NULL DEFAULT CURRENT_TIMESTAMP(3) ON UPDATE CURRENT_TIMESTAMP(3),
  PRIMARY KEY (`ID_`),
  KEY `ACT_FK_INT_EXECUTION` (`EXECUTION_ID_`),
  KEY `ACT_FK_INT_PROC_INST` (`PROCESS_INSTANCE_ID_`),
  KEY `ACT_FK_INT_PROC_DEF` (`PROC_DEF_ID_`),
  CONSTRAINT `ACT_FK_INT_EXECUTION` FOREIGN KEY (`EXECUTION_ID_`) REFERENCES `act_ru_execution` (`ID_`) ON DELETE CASCADE,
  CONSTRAINT `ACT_FK_INT_PROC_DEF` FOREIGN KEY (`PROC_DEF_ID_`) REFERENCES `act_re_procdef` (`ID_`),
  CONSTRAINT `ACT_FK_INT_PROC_INST` FOREIGN KEY (`PROCESS_INSTANCE_ID_`) REFERENCES `act_ru_execution` (`ID_`)
) ENGINE=InnoDB DEFAULT CHARSET=utf8 COLLATE=utf8_bin;

-- ----------------------------
-- Records of act_ru_integration
-- ----------------------------

-- ----------------------------
-- Table structure for act_ru_job
-- ----------------------------
DROP TABLE IF EXISTS `act_ru_job`;
CREATE TABLE `act_ru_job` (
  `ID_` varchar(64) COLLATE utf8_bin NOT NULL,
  `REV_` int(11) DEFAULT NULL,
  `TYPE_` varchar(255) COLLATE utf8_bin NOT NULL,
  `LOCK_EXP_TIME_` timestamp(3) NULL DEFAULT NULL,
  `LOCK_OWNER_` varchar(255) COLLATE utf8_bin DEFAULT NULL,
  `EXCLUSIVE_` tinyint(1) DEFAULT NULL,
  `EXECUTION_ID_` varchar(64) COLLATE utf8_bin DEFAULT NULL,
  `PROCESS_INSTANCE_ID_` varchar(64) COLLATE utf8_bin DEFAULT NULL,
  `PROC_DEF_ID_` varchar(64) COLLATE utf8_bin DEFAULT NULL,
  `RETRIES_` int(11) DEFAULT NULL,
  `EXCEPTION_STACK_ID_` varchar(64) COLLATE utf8_bin DEFAULT NULL,
  `EXCEPTION_MSG_` varchar(4000) COLLATE utf8_bin DEFAULT NULL,
  `DUEDATE_` timestamp(3) NULL DEFAULT NULL,
  `REPEAT_` varchar(255) COLLATE utf8_bin DEFAULT NULL,
  `HANDLER_TYPE_` varchar(255) COLLATE utf8_bin DEFAULT NULL,
  `HANDLER_CFG_` varchar(4000) COLLATE utf8_bin DEFAULT NULL,
  `TENANT_ID_` varchar(255) COLLATE utf8_bin DEFAULT '',
  PRIMARY KEY (`ID_`),
  KEY `ACT_FK_JOB_EXECUTION` (`EXECUTION_ID_`),
  KEY `ACT_FK_JOB_PROCESS_INSTANCE` (`PROCESS_INSTANCE_ID_`),
  KEY `ACT_FK_JOB_PROC_DEF` (`PROC_DEF_ID_`),
  KEY `ACT_FK_JOB_EXCEPTION` (`EXCEPTION_STACK_ID_`),
  CONSTRAINT `ACT_FK_JOB_EXCEPTION` FOREIGN KEY (`EXCEPTION_STACK_ID_`) REFERENCES `act_ge_bytearray` (`ID_`),
  CONSTRAINT `ACT_FK_JOB_EXECUTION` FOREIGN KEY (`EXECUTION_ID_`) REFERENCES `act_ru_execution` (`ID_`),
  CONSTRAINT `ACT_FK_JOB_PROCESS_INSTANCE` FOREIGN KEY (`PROCESS_INSTANCE_ID_`) REFERENCES `act_ru_execution` (`ID_`),
  CONSTRAINT `ACT_FK_JOB_PROC_DEF` FOREIGN KEY (`PROC_DEF_ID_`) REFERENCES `act_re_procdef` (`ID_`)
) ENGINE=InnoDB DEFAULT CHARSET=utf8 COLLATE=utf8_bin;

-- ----------------------------
-- Records of act_ru_job
-- ----------------------------

-- ----------------------------
-- Table structure for act_ru_suspended_job
-- ----------------------------
DROP TABLE IF EXISTS `act_ru_suspended_job`;
CREATE TABLE `act_ru_suspended_job` (
  `ID_` varchar(64) COLLATE utf8_bin NOT NULL,
  `REV_` int(11) DEFAULT NULL,
  `TYPE_` varchar(255) COLLATE utf8_bin NOT NULL,
  `EXCLUSIVE_` tinyint(1) DEFAULT NULL,
  `EXECUTION_ID_` varchar(64) COLLATE utf8_bin DEFAULT NULL,
  `PROCESS_INSTANCE_ID_` varchar(64) COLLATE utf8_bin DEFAULT NULL,
  `PROC_DEF_ID_` varchar(64) COLLATE utf8_bin DEFAULT NULL,
  `RETRIES_` int(11) DEFAULT NULL,
  `EXCEPTION_STACK_ID_` varchar(64) COLLATE utf8_bin DEFAULT NULL,
  `EXCEPTION_MSG_` varchar(4000) COLLATE utf8_bin DEFAULT NULL,
  `DUEDATE_` timestamp(3) NULL DEFAULT NULL,
  `REPEAT_` varchar(255) COLLATE utf8_bin DEFAULT NULL,
  `HANDLER_TYPE_` varchar(255) COLLATE utf8_bin DEFAULT NULL,
  `HANDLER_CFG_` varchar(4000) COLLATE utf8_bin DEFAULT NULL,
  `TENANT_ID_` varchar(255) COLLATE utf8_bin DEFAULT '',
  PRIMARY KEY (`ID_`),
  KEY `ACT_FK_SUSPENDED_JOB_EXECUTION` (`EXECUTION_ID_`),
  KEY `ACT_FK_SUSPENDED_JOB_PROCESS_INSTANCE` (`PROCESS_INSTANCE_ID_`),
  KEY `ACT_FK_SUSPENDED_JOB_PROC_DEF` (`PROC_DEF_ID_`),
  KEY `ACT_FK_SUSPENDED_JOB_EXCEPTION` (`EXCEPTION_STACK_ID_`),
  CONSTRAINT `ACT_FK_SUSPENDED_JOB_EXCEPTION` FOREIGN KEY (`EXCEPTION_STACK_ID_`) REFERENCES `act_ge_bytearray` (`ID_`),
  CONSTRAINT `ACT_FK_SUSPENDED_JOB_EXECUTION` FOREIGN KEY (`EXECUTION_ID_`) REFERENCES `act_ru_execution` (`ID_`),
  CONSTRAINT `ACT_FK_SUSPENDED_JOB_PROCESS_INSTANCE` FOREIGN KEY (`PROCESS_INSTANCE_ID_`) REFERENCES `act_ru_execution` (`ID_`),
  CONSTRAINT `ACT_FK_SUSPENDED_JOB_PROC_DEF` FOREIGN KEY (`PROC_DEF_ID_`) REFERENCES `act_re_procdef` (`ID_`)
) ENGINE=InnoDB DEFAULT CHARSET=utf8 COLLATE=utf8_bin;

-- ----------------------------
-- Records of act_ru_suspended_job
-- ----------------------------

-- ----------------------------
-- Table structure for act_ru_task
-- ----------------------------
DROP TABLE IF EXISTS `act_ru_task`;
CREATE TABLE `act_ru_task` (
  `ID_` varchar(64) COLLATE utf8_bin NOT NULL,
  `REV_` int(11) DEFAULT NULL,
  `EXECUTION_ID_` varchar(64) COLLATE utf8_bin DEFAULT NULL,
  `PROC_INST_ID_` varchar(64) COLLATE utf8_bin DEFAULT NULL,
  `PROC_DEF_ID_` varchar(64) COLLATE utf8_bin DEFAULT NULL,
  `NAME_` varchar(255) COLLATE utf8_bin DEFAULT NULL,
  `PARENT_TASK_ID_` varchar(64) COLLATE utf8_bin DEFAULT NULL,
  `DESCRIPTION_` varchar(4000) COLLATE utf8_bin DEFAULT NULL,
  `TASK_DEF_KEY_` varchar(255) COLLATE utf8_bin DEFAULT NULL,
  `OWNER_` varchar(255) COLLATE utf8_bin DEFAULT NULL,
  `ASSIGNEE_` varchar(255) COLLATE utf8_bin DEFAULT NULL,
  `DELEGATION_` varchar(64) COLLATE utf8_bin DEFAULT NULL,
  `PRIORITY_` int(11) DEFAULT NULL,
  `CREATE_TIME_` timestamp(3) NULL DEFAULT NULL,
  `DUE_DATE_` datetime(3) DEFAULT NULL,
  `CATEGORY_` varchar(255) COLLATE utf8_bin DEFAULT NULL,
  `SUSPENSION_STATE_` int(11) DEFAULT NULL,
  `TENANT_ID_` varchar(255) COLLATE utf8_bin DEFAULT '',
  `FORM_KEY_` varchar(255) COLLATE utf8_bin DEFAULT NULL,
  `CLAIM_TIME_` datetime(3) DEFAULT NULL,
  PRIMARY KEY (`ID_`),
  KEY `ACT_IDX_TASK_CREATE` (`CREATE_TIME_`),
  KEY `ACT_FK_TASK_EXE` (`EXECUTION_ID_`),
  KEY `ACT_FK_TASK_PROCINST` (`PROC_INST_ID_`),
  KEY `ACT_FK_TASK_PROCDEF` (`PROC_DEF_ID_`),
  CONSTRAINT `ACT_FK_TASK_EXE` FOREIGN KEY (`EXECUTION_ID_`) REFERENCES `act_ru_execution` (`ID_`),
  CONSTRAINT `ACT_FK_TASK_PROCDEF` FOREIGN KEY (`PROC_DEF_ID_`) REFERENCES `act_re_procdef` (`ID_`),
  CONSTRAINT `ACT_FK_TASK_PROCINST` FOREIGN KEY (`PROC_INST_ID_`) REFERENCES `act_ru_execution` (`ID_`)
) ENGINE=InnoDB DEFAULT CHARSET=utf8 COLLATE=utf8_bin;

-- ----------------------------
-- Records of act_ru_task
-- ----------------------------
INSERT INTO `act_ru_task` VALUES ('1e6a2efb-4a7b-11eb-ba86-5aa02364495c', '1', '1e63c658-4a7b-11eb-ba86-5aa02364495c', '1e628dd5-4a7b-11eb-ba86-5aa02364495c', 'leave:1:fd69d984-4a7a-11eb-ba86-5aa02364495c', '', null, null, 'deptLeaderVerify', null, null, null, '50', '2020-12-30 16:43:41.638', null, null, '1', '', 'deptLeaderVerify', null);

-- ----------------------------
-- Table structure for act_ru_timer_job
-- ----------------------------
DROP TABLE IF EXISTS `act_ru_timer_job`;
CREATE TABLE `act_ru_timer_job` (
  `ID_` varchar(64) COLLATE utf8_bin NOT NULL,
  `REV_` int(11) DEFAULT NULL,
  `TYPE_` varchar(255) COLLATE utf8_bin NOT NULL,
  `LOCK_EXP_TIME_` timestamp(3) NULL DEFAULT NULL,
  `LOCK_OWNER_` varchar(255) COLLATE utf8_bin DEFAULT NULL,
  `EXCLUSIVE_` tinyint(1) DEFAULT NULL,
  `EXECUTION_ID_` varchar(64) COLLATE utf8_bin DEFAULT NULL,
  `PROCESS_INSTANCE_ID_` varchar(64) COLLATE utf8_bin DEFAULT NULL,
  `PROC_DEF_ID_` varchar(64) COLLATE utf8_bin DEFAULT NULL,
  `RETRIES_` int(11) DEFAULT NULL,
  `EXCEPTION_STACK_ID_` varchar(64) COLLATE utf8_bin DEFAULT NULL,
  `EXCEPTION_MSG_` varchar(4000) COLLATE utf8_bin DEFAULT NULL,
  `DUEDATE_` timestamp(3) NULL DEFAULT NULL,
  `REPEAT_` varchar(255) COLLATE utf8_bin DEFAULT NULL,
  `HANDLER_TYPE_` varchar(255) COLLATE utf8_bin DEFAULT NULL,
  `HANDLER_CFG_` varchar(4000) COLLATE utf8_bin DEFAULT NULL,
  `TENANT_ID_` varchar(255) COLLATE utf8_bin DEFAULT '',
  PRIMARY KEY (`ID_`),
  KEY `ACT_FK_TIMER_JOB_EXECUTION` (`EXECUTION_ID_`),
  KEY `ACT_FK_TIMER_JOB_PROCESS_INSTANCE` (`PROCESS_INSTANCE_ID_`),
  KEY `ACT_FK_TIMER_JOB_PROC_DEF` (`PROC_DEF_ID_`),
  KEY `ACT_FK_TIMER_JOB_EXCEPTION` (`EXCEPTION_STACK_ID_`),
  CONSTRAINT `ACT_FK_TIMER_JOB_EXCEPTION` FOREIGN KEY (`EXCEPTION_STACK_ID_`) REFERENCES `act_ge_bytearray` (`ID_`),
  CONSTRAINT `ACT_FK_TIMER_JOB_EXECUTION` FOREIGN KEY (`EXECUTION_ID_`) REFERENCES `act_ru_execution` (`ID_`),
  CONSTRAINT `ACT_FK_TIMER_JOB_PROCESS_INSTANCE` FOREIGN KEY (`PROCESS_INSTANCE_ID_`) REFERENCES `act_ru_execution` (`ID_`),
  CONSTRAINT `ACT_FK_TIMER_JOB_PROC_DEF` FOREIGN KEY (`PROC_DEF_ID_`) REFERENCES `act_re_procdef` (`ID_`)
) ENGINE=InnoDB DEFAULT CHARSET=utf8 COLLATE=utf8_bin;

-- ----------------------------
-- Records of act_ru_timer_job
-- ----------------------------

-- ----------------------------
-- Table structure for act_ru_variable
-- ----------------------------
DROP TABLE IF EXISTS `act_ru_variable`;
CREATE TABLE `act_ru_variable` (
  `ID_` varchar(64) COLLATE utf8_bin NOT NULL,
  `REV_` int(11) DEFAULT NULL,
  `TYPE_` varchar(255) COLLATE utf8_bin NOT NULL,
  `NAME_` varchar(255) COLLATE utf8_bin NOT NULL,
  `EXECUTION_ID_` varchar(64) COLLATE utf8_bin DEFAULT NULL,
  `PROC_INST_ID_` varchar(64) COLLATE utf8_bin DEFAULT NULL,
  `TASK_ID_` varchar(64) COLLATE utf8_bin DEFAULT NULL,
  `BYTEARRAY_ID_` varchar(64) COLLATE utf8_bin DEFAULT NULL,
  `DOUBLE_` double DEFAULT NULL,
  `LONG_` bigint(20) DEFAULT NULL,
  `TEXT_` varchar(4000) COLLATE utf8_bin DEFAULT NULL,
  `TEXT2_` varchar(4000) COLLATE utf8_bin DEFAULT NULL,
  PRIMARY KEY (`ID_`),
  KEY `ACT_IDX_VARIABLE_TASK_ID` (`TASK_ID_`),
  KEY `ACT_FK_VAR_EXE` (`EXECUTION_ID_`),
  KEY `ACT_FK_VAR_PROCINST` (`PROC_INST_ID_`),
  KEY `ACT_FK_VAR_BYTEARRAY` (`BYTEARRAY_ID_`),
  CONSTRAINT `ACT_FK_VAR_BYTEARRAY` FOREIGN KEY (`BYTEARRAY_ID_`) REFERENCES `act_ge_bytearray` (`ID_`),
  CONSTRAINT `ACT_FK_VAR_EXE` FOREIGN KEY (`EXECUTION_ID_`) REFERENCES `act_ru_execution` (`ID_`),
  CONSTRAINT `ACT_FK_VAR_PROCINST` FOREIGN KEY (`PROC_INST_ID_`) REFERENCES `act_ru_execution` (`ID_`)
) ENGINE=InnoDB DEFAULT CHARSET=utf8 COLLATE=utf8_bin;

-- ----------------------------
-- Records of act_ru_variable
-- ----------------------------
INSERT INTO `act_ru_variable` VALUES ('1e62dbf6-4a7b-11eb-ba86-5aa02364495c', '1', 'string', 'deptLeader', '1e628dd5-4a7b-11eb-ba86-5aa02364495c', '1e628dd5-4a7b-11eb-ba86-5aa02364495c', null, null, null, null, '', null);
INSERT INTO `act_ru_variable` VALUES ('1e6bb59c-4a7b-11eb-ba86-5aa02364495c', '1', 'string', 'deptLeader', '1e63c658-4a7b-11eb-ba86-5aa02364495c', '1e628dd5-4a7b-11eb-ba86-5aa02364495c', '1e6a2efb-4a7b-11eb-ba86-5aa02364495c', null, null, null, '', null);

-- ----------------------------
-- Table structure for act_workflow_formdata
-- ----------------------------
DROP TABLE IF EXISTS `act_workflow_formdata`;
CREATE TABLE `act_workflow_formdata` (
  `id` int(11) NOT NULL AUTO_INCREMENT COMMENT '',
  `business_key` varchar(64) DEFAULT NULL COMMENT 'key',
  `form_key` varchar(255) DEFAULT NULL COMMENT 'Key',
  `control_id` varchar(64) DEFAULT NULL COMMENT 'id',
  `control_name` varchar(64) DEFAULT NULL COMMENT '',
  `control_value` varchar(2000) DEFAULT NULL COMMENT '',
  `task_node_name` varchar(64) DEFAULT NULL COMMENT '',
  `create_name` varchar(64) DEFAULT NULL COMMENT '',
  `create_by` varchar(32) DEFAULT NULL COMMENT '',
  `create_time` datetime DEFAULT NULL COMMENT '',
  PRIMARY KEY (`id`) USING BTREE
) ENGINE=InnoDB DEFAULT CHARSET=utf8 ROW_FORMAT=DYNAMIC COMMENT='';

-- ----------------------------
-- Records of act_workflow_formdata
-- ----------------------------

-- ----------------------------
-- Table structure for canal_t
-- ----------------------------
DROP TABLE IF EXISTS `canal_t`;
CREATE TABLE `canal_t` (
  `id` int(11) NOT NULL AUTO_INCREMENT,
  `msg` varchar(255) DEFAULT NULL,
  PRIMARY KEY (`id`)
) ENGINE=InnoDB AUTO_INCREMENT=49 DEFAULT CHARSET=utf8;

-- ----------------------------
-- Records of canal_t
-- ----------------------------
INSERT INTO `canal_t` VALUES ('1', 'asa');
INSERT INTO `canal_t` VALUES ('2', '(NUsdsLL)');
INSERT INTO `canal_t` VALUES ('3', 'zsdas');
INSERT INTO `canal_t` VALUES ('4', 'cxc');
INSERT INTO `canal_t` VALUES ('5', '{	\"message\":\"dsdsds\"}');
INSERT INTO `canal_t` VALUES ('6', '{	\"message\":\"10,12,15,13,15\"}');
INSERT INTO `canal_t` VALUES ('7', '{	\"message\":\"10,12,15,13,15\"}');
INSERT INTO `canal_t` VALUES ('8', '{	\"message\":[10,12,15,13,15,82]}');
INSERT INTO `canal_t` VALUES ('9', '{	\"message\":[10,12,15,13,15,82]}');
INSERT INTO `canal_t` VALUES ('10', '{	\"message\":[10,12,15,13,15,82]}');
INSERT INTO `canal_t` VALUES ('11', '{	\"message\":[10,12,15,13,15,82]}');
INSERT INTO `canal_t` VALUES ('12', 'map.get(\"msg\")');
INSERT INTO `canal_t` VALUES ('13', '{	\"message\":[10,12,15,13,15,82]}');
INSERT INTO `canal_t` VALUES ('14', '{	\"message\":[10,12,15,13,15,82]}');
INSERT INTO `canal_t` VALUES ('15', '{	\"message\":[10,12,15,13,15,82]}');
INSERT INTO `canal_t` VALUES ('16', '{	\"message\":[120,82,91,154,162,150,130]}');
INSERT INTO `canal_t` VALUES ('17', '{	\"message\":[120,82,91,154,162,150,130]}');
INSERT INTO `canal_t` VALUES ('18', '{	\"message\":[120,82,91,154,162,150,130]}');
INSERT INTO `canal_t` VALUES ('19', '{	\"message\":[120,82,91,154,162,150,130]}');
INSERT INTO `canal_t` VALUES ('20', '{	\"message\":[120,82,91,154,162,150,130]}');
INSERT INTO `canal_t` VALUES ('21', '{	\"message\":[180,82,91,154,162,150,130]}');
INSERT INTO `canal_t` VALUES ('22', '{	\"message\":[90,82,91,154,162,150,130]}');
INSERT INTO `canal_t` VALUES ('23', '{	\"message\":[90,82,91,154,162,150,130]}');
INSERT INTO `canal_t` VALUES ('24', '{	\"message\":[90,82,91,154,162,150,130]}');
INSERT INTO `canal_t` VALUES ('25', '{	\"message\":[90,82,91,154,162,150,130]}');
INSERT INTO `canal_t` VALUES ('26', '{	\"message\":[90,82,91,154,162,150,130]}');
INSERT INTO `canal_t` VALUES ('27', '{	\"message\":[90,82,91,154,162,150,130]}');
INSERT INTO `canal_t` VALUES ('28', '{	\"message\":[90,82,91,154,162,150,130]}');
INSERT INTO `canal_t` VALUES ('29', '{	\"message\":[90,82,91,154,162,150,130]}');
INSERT INTO `canal_t` VALUES ('30', '{	\"message\":[90,82,91,154,162,150,130]}');
INSERT INTO `canal_t` VALUES ('31', '{	\"message\":[90,82,91,154,162,150,130]}');
INSERT INTO `canal_t` VALUES ('32', '{	\"message\":[90,82,91,154,162,150,130]}');
INSERT INTO `canal_t` VALUES ('33', '{	\"message\":[90,82,91,154,162,150,130]}');
INSERT INTO `canal_t` VALUES ('34', '[90,82,91,154,162,150,130]');
INSERT INTO `canal_t` VALUES ('35', '[90,82,91,154,162,150,130]');
INSERT INTO `canal_t` VALUES ('36', '[90,82,91,154,162,150,130]');
INSERT INTO `canal_t` VALUES ('37', '{	\"message\":[90,82,91,154,162,150,130]}');
INSERT INTO `canal_t` VALUES ('38', '{	\"actualData\":[90,82,91,154,162,150,130]}');
INSERT INTO `canal_t` VALUES ('39', '{	\"actualData\":[90,82,91,154,162,150,130]}');
INSERT INTO `canal_t` VALUES ('40', '{	\"actualData\":[90,82,91,154,162,150,130]}');
INSERT INTO `canal_t` VALUES ('41', '{	\"actualData\":[90,82,91,154,162,150,130]}');
INSERT INTO `canal_t` VALUES ('42', '{	\"actualData\":[180,82,91,154,162,150,130]}');
INSERT INTO `canal_t` VALUES ('43', '{	\"actualData\":[180,160,91,154,162,150,130]}');
INSERT INTO `canal_t` VALUES ('44', '{	\"actualData\":[180,160,91,154,162,150,130]}');
INSERT INTO `canal_t` VALUES ('45', '{	\"actualData\":[180,900,91,154,162,150,130]}');
INSERT INTO `canal_t` VALUES ('46', '{	\"actualData\":[180,900,91,154,162,150,130]}');
INSERT INTO `canal_t` VALUES ('47', '{	\"actualData\":[180,90,91,154,162,150,130]}');
INSERT INTO `canal_t` VALUES ('48', '{	\"actualData\":[180,90,140,154,162,150,130]}');

-- ----------------------------
-- Table structure for gen_table
-- ----------------------------
DROP TABLE IF EXISTS `gen_table`;
CREATE TABLE `gen_table` (
  `table_id` bigint(20) NOT NULL AUTO_INCREMENT COMMENT '',
  `table_name` varchar(200) DEFAULT '' COMMENT '',
  `table_comment` varchar(500) DEFAULT '' COMMENT '',
  `class_name` varchar(100) DEFAULT '' COMMENT '',
  `tpl_category` varchar(200) DEFAULT 'crud' COMMENT 'crud tree',
  `package_name` varchar(100) DEFAULT NULL COMMENT '',
  `module_name` varchar(30) DEFAULT NULL COMMENT '',
  `business_name` varchar(30) DEFAULT NULL COMMENT '',
  `function_name` varchar(50) DEFAULT NULL COMMENT '',
  `function_author` varchar(50) DEFAULT NULL COMMENT '',
  `gen_type` char(1) DEFAULT '0' COMMENT '0zip 1',
  `gen_path` varchar(200) DEFAULT '/' COMMENT '',
  `options` varchar(1000) DEFAULT NULL COMMENT '',
  `create_by` varchar(64) DEFAULT '' COMMENT '',
  `create_time` datetime DEFAULT NULL COMMENT '',
  `update_by` varchar(64) DEFAULT '' COMMENT '',
  `update_time` datetime DEFAULT NULL COMMENT '',
  `remark` varchar(500) DEFAULT NULL COMMENT '',
  PRIMARY KEY (`table_id`) USING BTREE
) ENGINE=InnoDB AUTO_INCREMENT=7 DEFAULT CHARSET=utf8 ROW_FORMAT=DYNAMIC COMMENT='';

-- ----------------------------
-- Records of gen_table
-- ----------------------------
INSERT INTO `gen_table` VALUES ('5', 'act_workflow_formdata', '', 'ActWorkflowFormdata', 'crud', 'com.ruoyi.activiti', 'activiti', 'formdata', '', 'danny', '0', '/', '{}', 'admin', '2020-11-02 10:28:53', '', '2020-11-02 10:29:39', null);
INSERT INTO `gen_table` VALUES ('6', 'sys_file_info', '', 'SysFileInfo', 'crud', 'com.ruoyi.system', 'system', 'info', '', 'ruoyi', '0', '/', null, 'admin', '2020-12-12 11:01:13', '', null, null);

-- ----------------------------
-- Table structure for gen_table_column
-- ----------------------------
DROP TABLE IF EXISTS `gen_table_column`;
CREATE TABLE `gen_table_column` (
  `column_id` bigint(20) NOT NULL AUTO_INCREMENT COMMENT '',
  `table_id` varchar(64) DEFAULT NULL COMMENT '',
  `column_name` varchar(200) DEFAULT NULL COMMENT '',
  `column_comment` varchar(500) DEFAULT NULL COMMENT '',
  `column_type` varchar(100) DEFAULT NULL COMMENT '',
  `java_type` varchar(500) DEFAULT NULL COMMENT 'JAVA',
  `java_field` varchar(200) DEFAULT NULL COMMENT 'JAVA',
  `is_pk` char(1) DEFAULT NULL COMMENT '1',
  `is_increment` char(1) DEFAULT NULL COMMENT '1',
  `is_required` char(1) DEFAULT NULL COMMENT '1',
  `is_insert` char(1) DEFAULT NULL COMMENT '1',
  `is_edit` char(1) DEFAULT NULL COMMENT '1',
  `is_list` char(1) DEFAULT NULL COMMENT '1',
  `is_query` char(1) DEFAULT NULL COMMENT '1',
  `query_type` varchar(200) DEFAULT 'EQ' COMMENT '',
  `html_type` varchar(200) DEFAULT NULL COMMENT '',
  `dict_type` varchar(200) DEFAULT '' COMMENT '',
  `sort` int(11) DEFAULT NULL COMMENT '',
  `create_by` varchar(64) DEFAULT '' COMMENT '',
  `create_time` datetime DEFAULT NULL COMMENT '',
  `update_by` varchar(64) DEFAULT '' COMMENT '',
  `update_time` datetime DEFAULT NULL COMMENT '',
  PRIMARY KEY (`column_id`) USING BTREE
) ENGINE=InnoDB AUTO_INCREMENT=59 DEFAULT CHARSET=utf8 ROW_FORMAT=DYNAMIC COMMENT='';

-- ----------------------------
-- Records of gen_table_column
-- ----------------------------
INSERT INTO `gen_table_column` VALUES ('56', '6', 'file_id', 'id', 'int(11)', 'Long', 'fileId', '1', '1', null, '1', null, null, null, 'EQ', 'input', '', '1', 'admin', '2020-12-12 11:01:13', '', null);
INSERT INTO `gen_table_column` VALUES ('57', '6', 'file_name', '', 'varchar(50)', 'String', 'fileName', '0', '0', null, '1', '1', '1', '1', 'LIKE', 'input', '', '2', 'admin', '2020-12-12 11:01:13', '', null);
INSERT INTO `gen_table_column` VALUES ('58', '6', 'file_path', '', 'varchar(255)', 'String', 'filePath', '0', '0', null, '1', '1', '1', '1', 'EQ', 'input', '', '3', 'admin', '2020-12-12 11:01:13', '', null);

-- ----------------------------
-- Table structure for qrtz_blob_triggers
-- ----------------------------
DROP TABLE IF EXISTS `qrtz_blob_triggers`;
CREATE TABLE `qrtz_blob_triggers` (
  `sched_name` varchar(120) NOT NULL,
  `trigger_name` varchar(200) NOT NULL,
  `trigger_group` varchar(200) NOT NULL,
  `blob_data` blob,
  PRIMARY KEY (`sched_name`,`trigger_name`,`trigger_group`) USING BTREE,
  CONSTRAINT `qrtz_blob_triggers_ibfk_1` FOREIGN KEY (`sched_name`, `trigger_name`, `trigger_group`) REFERENCES `qrtz_triggers` (`sched_name`, `trigger_name`, `trigger_group`)
) ENGINE=InnoDB DEFAULT CHARSET=utf8 ROW_FORMAT=DYNAMIC;

-- ----------------------------
-- Records of qrtz_blob_triggers
-- ----------------------------

-- ----------------------------
-- Table structure for qrtz_calendars
-- ----------------------------
DROP TABLE IF EXISTS `qrtz_calendars`;
CREATE TABLE `qrtz_calendars` (
  `sched_name` varchar(120) NOT NULL,
  `calendar_name` varchar(200) NOT NULL,
  `calendar` blob NOT NULL,
  PRIMARY KEY (`sched_name`,`calendar_name`) USING BTREE
) ENGINE=InnoDB DEFAULT CHARSET=utf8 ROW_FORMAT=DYNAMIC;

-- ----------------------------
-- Records of qrtz_calendars
-- ----------------------------

-- ----------------------------
-- Table structure for qrtz_cron_triggers
-- ----------------------------
DROP TABLE IF EXISTS `qrtz_cron_triggers`;
CREATE TABLE `qrtz_cron_triggers` (
  `sched_name` varchar(120) NOT NULL,
  `trigger_name` varchar(200) NOT NULL,
  `trigger_group` varchar(200) NOT NULL,
  `cron_expression` varchar(200) NOT NULL,
  `time_zone_id` varchar(80) DEFAULT NULL,
  PRIMARY KEY (`sched_name`,`trigger_name`,`trigger_group`) USING BTREE,
  CONSTRAINT `qrtz_cron_triggers_ibfk_1` FOREIGN KEY (`sched_name`, `trigger_name`, `trigger_group`) REFERENCES `qrtz_triggers` (`sched_name`, `trigger_name`, `trigger_group`)
) ENGINE=InnoDB DEFAULT CHARSET=utf8 ROW_FORMAT=DYNAMIC;

-- ----------------------------
-- Records of qrtz_cron_triggers
-- ----------------------------
INSERT INTO `qrtz_cron_triggers` VALUES ('RuoyiScheduler', 'TASK_CLASS_NAME1', 'DEFAULT', '0/10 * * * * ?', 'Asia/Shanghai');
INSERT INTO `qrtz_cron_triggers` VALUES ('RuoyiScheduler', 'TASK_CLASS_NAME2', 'DEFAULT', '0/15 * * * * ?', 'Asia/Shanghai');
INSERT INTO `qrtz_cron_triggers` VALUES ('RuoyiScheduler', 'TASK_CLASS_NAME3', 'DEFAULT', '0/20 * * * * ?', 'Asia/Shanghai');

-- ----------------------------
-- Table structure for qrtz_fired_triggers
-- ----------------------------
DROP TABLE IF EXISTS `qrtz_fired_triggers`;
CREATE TABLE `qrtz_fired_triggers` (
  `sched_name` varchar(120) NOT NULL,
  `entry_id` varchar(95) NOT NULL,
  `trigger_name` varchar(200) NOT NULL,
  `trigger_group` varchar(200) NOT NULL,
  `instance_name` varchar(200) NOT NULL,
  `fired_time` bigint(13) NOT NULL,
  `sched_time` bigint(13) NOT NULL,
  `priority` int(11) NOT NULL,
  `state` varchar(16) NOT NULL,
  `job_name` varchar(200) DEFAULT NULL,
  `job_group` varchar(200) DEFAULT NULL,
  `is_nonconcurrent` varchar(1) DEFAULT NULL,
  `requests_recovery` varchar(1) DEFAULT NULL,
  PRIMARY KEY (`sched_name`,`entry_id`) USING BTREE
) ENGINE=InnoDB DEFAULT CHARSET=utf8 ROW_FORMAT=DYNAMIC;

-- ----------------------------
-- Records of qrtz_fired_triggers
-- ----------------------------

-- ----------------------------
-- Table structure for qrtz_job_details
-- ----------------------------
DROP TABLE IF EXISTS `qrtz_job_details`;
CREATE TABLE `qrtz_job_details` (
  `sched_name` varchar(120) NOT NULL,
  `job_name` varchar(200) NOT NULL,
  `job_group` varchar(200) NOT NULL,
  `description` varchar(250) DEFAULT NULL,
  `job_class_name` varchar(250) NOT NULL,
  `is_durable` varchar(1) NOT NULL,
  `is_nonconcurrent` varchar(1) NOT NULL,
  `is_update_data` varchar(1) NOT NULL,
  `requests_recovery` varchar(1) NOT NULL,
  `job_data` blob,
  PRIMARY KEY (`sched_name`,`job_name`,`job_group`) USING BTREE
) ENGINE=InnoDB DEFAULT CHARSET=utf8 ROW_FORMAT=DYNAMIC;

-- ----------------------------
-- Records of qrtz_job_details
-- ----------------------------
INSERT INTO `qrtz_job_details` VALUES ('RuoyiScheduler', 'TASK_CLASS_NAME1', 'DEFAULT', null, 'com.ruoyi.quartz.util.QuartzDisallowConcurrentExecution', '0', '1', '0', '0', 0xACED0005737200156F72672E71756172747A2E4A6F62446174614D61709FB083E8BFA9B0CB020000787200266F72672E71756172747A2E7574696C732E537472696E674B65794469727479466C61674D61708208E8C3FBC55D280200015A0013616C6C6F77735472616E7369656E74446174617872001D6F72672E71756172747A2E7574696C732E4469727479466C61674D617013E62EAD28760ACE0200025A000564697274794C00036D617074000F4C6A6176612F7574696C2F4D61703B787001737200116A6176612E7574696C2E486173684D61700507DAC1C31660D103000246000A6C6F6164466163746F724900097468726573686F6C6478703F4000000000000C7708000000100000000174000F5441534B5F50524F504552544945537372001E636F6D2E72756F79692E71756172747A2E646F6D61696E2E5379734A6F6200000000000000010200084C000A636F6E63757272656E747400124C6A6176612F6C616E672F537472696E673B4C000E63726F6E45787072657373696F6E71007E00094C000C696E766F6B6554617267657471007E00094C00086A6F6247726F757071007E00094C00056A6F6249647400104C6A6176612F6C616E672F4C6F6E673B4C00076A6F624E616D6571007E00094C000D6D697366697265506F6C69637971007E00094C000673746174757371007E000978720027636F6D2E72756F79692E636F6D6D6F6E2E636F72652E646F6D61696E2E42617365456E7469747900000000000000010200094C0009626567696E54696D6571007E00094C0008637265617465427971007E00094C000A63726561746554696D657400104C6A6176612F7574696C2F446174653B4C0007656E6454696D6571007E00094C0006706172616D7371007E00034C000672656D61726B71007E00094C000B73656172636856616C756571007E00094C0008757064617465427971007E00094C000A75706461746554696D6571007E000C78707074000561646D696E7372000E6A6176612E7574696C2E44617465686A81014B59741903000078707708000001754EFD4AC07870707400007070707400013174000E302F3130202A202A202A202A203F74001172795461736B2E72794E6F506172616D7374000744454641554C547372000E6A6176612E6C616E672E4C6F6E673B8BE490CC8F23DF0200014A000576616C7565787200106A6176612E6C616E672E4E756D62657286AC951D0B94E08B02000078700000000000000001740018E7B3BBE7BB9FE9BB98E8AEA4EFBC88E697A0E58F82EFBC8974000133740001317800);
INSERT INTO `qrtz_job_details` VALUES ('RuoyiScheduler', 'TASK_CLASS_NAME2', 'DEFAULT', null, 'com.ruoyi.quartz.util.QuartzDisallowConcurrentExecution', '0', '1', '0', '0', 0xACED0005737200156F72672E71756172747A2E4A6F62446174614D61709FB083E8BFA9B0CB020000787200266F72672E71756172747A2E7574696C732E537472696E674B65794469727479466C61674D61708208E8C3FBC55D280200015A0013616C6C6F77735472616E7369656E74446174617872001D6F72672E71756172747A2E7574696C732E4469727479466C61674D617013E62EAD28760ACE0200025A000564697274794C00036D617074000F4C6A6176612F7574696C2F4D61703B787001737200116A6176612E7574696C2E486173684D61700507DAC1C31660D103000246000A6C6F6164466163746F724900097468726573686F6C6478703F4000000000000C7708000000100000000174000F5441534B5F50524F504552544945537372001E636F6D2E72756F79692E71756172747A2E646F6D61696E2E5379734A6F6200000000000000010200084C000A636F6E63757272656E747400124C6A6176612F6C616E672F537472696E673B4C000E63726F6E45787072657373696F6E71007E00094C000C696E766F6B6554617267657471007E00094C00086A6F6247726F757071007E00094C00056A6F6249647400104C6A6176612F6C616E672F4C6F6E673B4C00076A6F624E616D6571007E00094C000D6D697366697265506F6C69637971007E00094C000673746174757371007E000978720027636F6D2E72756F79692E636F6D6D6F6E2E636F72652E646F6D61696E2E42617365456E7469747900000000000000010200094C0009626567696E54696D6571007E00094C0008637265617465427971007E00094C000A63726561746554696D657400104C6A6176612F7574696C2F446174653B4C0007656E6454696D6571007E00094C0006706172616D7371007E00034C000672656D61726B71007E00094C000B73656172636856616C756571007E00094C0008757064617465427971007E00094C000A75706461746554696D6571007E000C78707074000561646D696E7372000E6A6176612E7574696C2E44617465686A81014B59741903000078707708000001754EFD4AC07870707400007070707400013174000E302F3135202A202A202A202A203F74001572795461736B2E7279506172616D7328277279272974000744454641554C547372000E6A6176612E6C616E672E4C6F6E673B8BE490CC8F23DF0200014A000576616C7565787200106A6176612E6C616E672E4E756D62657286AC951D0B94E08B02000078700000000000000002740018E7B3BBE7BB9FE9BB98E8AEA4EFBC88E69C89E58F82EFBC8974000133740001317800);
INSERT INTO `qrtz_job_details` VALUES ('RuoyiScheduler', 'TASK_CLASS_NAME3', 'DEFAULT', null, 'com.ruoyi.quartz.util.QuartzDisallowConcurrentExecution', '0', '1', '0', '0', 0xACED0005737200156F72672E71756172747A2E4A6F62446174614D61709FB083E8BFA9B0CB020000787200266F72672E71756172747A2E7574696C732E537472696E674B65794469727479466C61674D61708208E8C3FBC55D280200015A0013616C6C6F77735472616E7369656E74446174617872001D6F72672E71756172747A2E7574696C732E4469727479466C61674D617013E62EAD28760ACE0200025A000564697274794C00036D617074000F4C6A6176612F7574696C2F4D61703B787001737200116A6176612E7574696C2E486173684D61700507DAC1C31660D103000246000A6C6F6164466163746F724900097468726573686F6C6478703F4000000000000C7708000000100000000174000F5441534B5F50524F504552544945537372001E636F6D2E72756F79692E71756172747A2E646F6D61696E2E5379734A6F6200000000000000010200084C000A636F6E63757272656E747400124C6A6176612F6C616E672F537472696E673B4C000E63726F6E45787072657373696F6E71007E00094C000C696E766F6B6554617267657471007E00094C00086A6F6247726F757071007E00094C00056A6F6249647400104C6A6176612F6C616E672F4C6F6E673B4C00076A6F624E616D6571007E00094C000D6D697366697265506F6C69637971007E00094C000673746174757371007E000978720027636F6D2E72756F79692E636F6D6D6F6E2E636F72652E646F6D61696E2E42617365456E7469747900000000000000010200094C0009626567696E54696D6571007E00094C0008637265617465427971007E00094C000A63726561746554696D657400104C6A6176612F7574696C2F446174653B4C0007656E6454696D6571007E00094C0006706172616D7371007E00034C000672656D61726B71007E00094C000B73656172636856616C756571007E00094C0008757064617465427971007E00094C000A75706461746554696D6571007E000C78707074000561646D696E7372000E6A6176612E7574696C2E44617465686A81014B59741903000078707708000001754EFD4AC07870707400007070707400013174000E302F3230202A202A202A202A203F74003872795461736B2E72794D756C7469706C65506172616D7328277279272C20747275652C20323030304C2C203331362E3530442C203130302974000744454641554C547372000E6A6176612E6C616E672E4C6F6E673B8BE490CC8F23DF0200014A000576616C7565787200106A6176612E6C616E672E4E756D62657286AC951D0B94E08B02000078700000000000000003740018E7B3BBE7BB9FE9BB98E8AEA4EFBC88E5A49AE58F82EFBC8974000133740001317800);

-- ----------------------------
-- Table structure for qrtz_locks
-- ----------------------------
DROP TABLE IF EXISTS `qrtz_locks`;
CREATE TABLE `qrtz_locks` (
  `sched_name` varchar(120) NOT NULL,
  `lock_name` varchar(40) NOT NULL,
  PRIMARY KEY (`sched_name`,`lock_name`) USING BTREE
) ENGINE=InnoDB DEFAULT CHARSET=utf8 ROW_FORMAT=DYNAMIC;

-- ----------------------------
-- Records of qrtz_locks
-- ----------------------------
INSERT INTO `qrtz_locks` VALUES ('RuoyiScheduler', 'STATE_ACCESS');
INSERT INTO `qrtz_locks` VALUES ('RuoyiScheduler', 'TRIGGER_ACCESS');

-- ----------------------------
-- Table structure for qrtz_paused_trigger_grps
-- ----------------------------
DROP TABLE IF EXISTS `qrtz_paused_trigger_grps`;
CREATE TABLE `qrtz_paused_trigger_grps` (
  `sched_name` varchar(120) NOT NULL,
  `trigger_group` varchar(200) NOT NULL,
  PRIMARY KEY (`sched_name`,`trigger_group`) USING BTREE
) ENGINE=InnoDB DEFAULT CHARSET=utf8 ROW_FORMAT=DYNAMIC;

-- ----------------------------
-- Records of qrtz_paused_trigger_grps
-- ----------------------------

-- ----------------------------
-- Table structure for qrtz_scheduler_state
-- ----------------------------
DROP TABLE IF EXISTS `qrtz_scheduler_state`;
CREATE TABLE `qrtz_scheduler_state` (
  `sched_name` varchar(120) NOT NULL,
  `instance_name` varchar(200) NOT NULL,
  `last_checkin_time` bigint(13) NOT NULL,
  `checkin_interval` bigint(13) NOT NULL,
  PRIMARY KEY (`sched_name`,`instance_name`) USING BTREE
) ENGINE=InnoDB DEFAULT CHARSET=utf8 ROW_FORMAT=DYNAMIC;

-- ----------------------------
-- Records of qrtz_scheduler_state
-- ----------------------------
INSERT INTO `qrtz_scheduler_state` VALUES ('RuoyiScheduler', 'UnionofSovietSocialistRepublics1617935412121', '1617938746862', '15000');

-- ----------------------------
-- Table structure for qrtz_simple_triggers
-- ----------------------------
DROP TABLE IF EXISTS `qrtz_simple_triggers`;
CREATE TABLE `qrtz_simple_triggers` (
  `sched_name` varchar(120) NOT NULL,
  `trigger_name` varchar(200) NOT NULL,
  `trigger_group` varchar(200) NOT NULL,
  `repeat_count` bigint(7) NOT NULL,
  `repeat_interval` bigint(12) NOT NULL,
  `times_triggered` bigint(10) NOT NULL,
  PRIMARY KEY (`sched_name`,`trigger_name`,`trigger_group`) USING BTREE,
  CONSTRAINT `qrtz_simple_triggers_ibfk_1` FOREIGN KEY (`sched_name`, `trigger_name`, `trigger_group`) REFERENCES `qrtz_triggers` (`sched_name`, `trigger_name`, `trigger_group`)
) ENGINE=InnoDB DEFAULT CHARSET=utf8 ROW_FORMAT=DYNAMIC;

-- ----------------------------
-- Records of qrtz_simple_triggers
-- ----------------------------

-- ----------------------------
-- Table structure for qrtz_simprop_triggers
-- ----------------------------
DROP TABLE IF EXISTS `qrtz_simprop_triggers`;
CREATE TABLE `qrtz_simprop_triggers` (
  `sched_name` varchar(120) NOT NULL,
  `trigger_name` varchar(200) NOT NULL,
  `trigger_group` varchar(200) NOT NULL,
  `str_prop_1` varchar(512) DEFAULT NULL,
  `str_prop_2` varchar(512) DEFAULT NULL,
  `str_prop_3` varchar(512) DEFAULT NULL,
  `int_prop_1` int(11) DEFAULT NULL,
  `int_prop_2` int(11) DEFAULT NULL,
  `long_prop_1` bigint(20) DEFAULT NULL,
  `long_prop_2` bigint(20) DEFAULT NULL,
  `dec_prop_1` decimal(13,4) DEFAULT NULL,
  `dec_prop_2` decimal(13,4) DEFAULT NULL,
  `bool_prop_1` varchar(1) DEFAULT NULL,
  `bool_prop_2` varchar(1) DEFAULT NULL,
  PRIMARY KEY (`sched_name`,`trigger_name`,`trigger_group`) USING BTREE,
  CONSTRAINT `qrtz_simprop_triggers_ibfk_1` FOREIGN KEY (`sched_name`, `trigger_name`, `trigger_group`) REFERENCES `qrtz_triggers` (`sched_name`, `trigger_name`, `trigger_group`)
) ENGINE=InnoDB DEFAULT CHARSET=utf8 ROW_FORMAT=DYNAMIC;

-- ----------------------------
-- Records of qrtz_simprop_triggers
-- ----------------------------

-- ----------------------------
-- Table structure for qrtz_triggers
-- ----------------------------
DROP TABLE IF EXISTS `qrtz_triggers`;
CREATE TABLE `qrtz_triggers` (
  `sched_name` varchar(120) NOT NULL,
  `trigger_name` varchar(200) NOT NULL,
  `trigger_group` varchar(200) NOT NULL,
  `job_name` varchar(200) NOT NULL,
  `job_group` varchar(200) NOT NULL,
  `description` varchar(250) DEFAULT NULL,
  `next_fire_time` bigint(13) DEFAULT NULL,
  `prev_fire_time` bigint(13) DEFAULT NULL,
  `priority` int(11) DEFAULT NULL,
  `trigger_state` varchar(16) NOT NULL,
  `trigger_type` varchar(8) NOT NULL,
  `start_time` bigint(13) NOT NULL,
  `end_time` bigint(13) DEFAULT NULL,
  `calendar_name` varchar(200) DEFAULT NULL,
  `misfire_instr` smallint(2) DEFAULT NULL,
  `job_data` blob,
  PRIMARY KEY (`sched_name`,`trigger_name`,`trigger_group`) USING BTREE,
  KEY `sched_name` (`sched_name`,`job_name`,`job_group`) USING BTREE,
  CONSTRAINT `qrtz_triggers_ibfk_1` FOREIGN KEY (`sched_name`, `job_name`, `job_group`) REFERENCES `qrtz_job_details` (`sched_name`, `job_name`, `job_group`)
) ENGINE=InnoDB DEFAULT CHARSET=utf8 ROW_FORMAT=DYNAMIC;

-- ----------------------------
-- Records of qrtz_triggers
-- ----------------------------
INSERT INTO `qrtz_triggers` VALUES ('RuoyiScheduler', 'TASK_CLASS_NAME1', 'DEFAULT', 'TASK_CLASS_NAME1', 'DEFAULT', null, '1617935420000', '-1', '5', 'PAUSED', 'CRON', '1617935412000', '0', null, '2', '');
INSERT INTO `qrtz_triggers` VALUES ('RuoyiScheduler', 'TASK_CLASS_NAME2', 'DEFAULT', 'TASK_CLASS_NAME2', 'DEFAULT', null, '1617935415000', '-1', '5', 'PAUSED', 'CRON', '1617935412000', '0', null, '2', '');
INSERT INTO `qrtz_triggers` VALUES ('RuoyiScheduler', 'TASK_CLASS_NAME3', 'DEFAULT', 'TASK_CLASS_NAME3', 'DEFAULT', null, '1617935420000', '-1', '5', 'PAUSED', 'CRON', '1617935412000', '0', null, '2', '');

-- ----------------------------
-- Table structure for sys_config
-- ----------------------------
DROP TABLE IF EXISTS `sys_config`;
CREATE TABLE `sys_config` (
  `config_id` int(5) NOT NULL AUTO_INCREMENT COMMENT '',
  `config_name` varchar(100) DEFAULT '' COMMENT '',
  `config_key` varchar(100) DEFAULT '' COMMENT '',
  `config_value` varchar(500) DEFAULT '' COMMENT '',
  `config_type` char(1) DEFAULT 'N' COMMENT 'Y N',
  `create_by` varchar(64) DEFAULT '' COMMENT '',
  `create_time` datetime DEFAULT NULL COMMENT '',
  `update_by` varchar(64) DEFAULT '' COMMENT '',
  `update_time` datetime DEFAULT NULL COMMENT '',
  `remark` varchar(500) DEFAULT NULL COMMENT '',
  PRIMARY KEY (`config_id`) USING BTREE
) ENGINE=InnoDB AUTO_INCREMENT=4 DEFAULT CHARSET=utf8 ROW_FORMAT=DYNAMIC COMMENT='';

-- ----------------------------
-- Records of sys_config
-- ----------------------------
INSERT INTO `sys_config` VALUES ('1', '-', 'sys.index.skinName', 'skin-blue', 'Y', 'admin', '2020-10-22 14:27:04', '', null, ' skin-blue skin-green skin-purple skin-red skin-yellow');
INSERT INTO `sys_config` VALUES ('2', '-', 'sys.user.initPassword', '123456', 'Y', 'admin', '2020-10-22 14:27:04', '', null, ' 123456');
INSERT INTO `sys_config` VALUES ('3', '-', 'sys.index.sideTheme', 'theme-dark', 'Y', 'admin', '2020-10-22 14:27:04', '', null, 'theme-darktheme-light');

-- ----------------------------
-- Table structure for sys_dept
-- ----------------------------
DROP TABLE IF EXISTS `sys_dept`;
CREATE TABLE `sys_dept` (
  `dept_id` bigint(20) NOT NULL AUTO_INCREMENT COMMENT 'id',
  `parent_id` bigint(20) DEFAULT '0' COMMENT 'id',
  `ancestors` varchar(50) DEFAULT '' COMMENT '',
  `dept_name` varchar(30) DEFAULT '' COMMENT '',
  `order_num` int(4) DEFAULT '0' COMMENT '',
  `leader` varchar(20) DEFAULT NULL COMMENT '',
  `phone` varchar(11) DEFAULT NULL COMMENT '',
  `email` varchar(50) DEFAULT NULL COMMENT '',
  `status` char(1) DEFAULT '0' COMMENT '0 1',
  `del_flag` char(1) DEFAULT '0' COMMENT '0 2',
  `create_by` varchar(64) DEFAULT '' COMMENT '',
  `create_time` datetime DEFAULT NULL COMMENT '',
  `update_by` varchar(64) DEFAULT '' COMMENT '',
  `update_time` datetime DEFAULT NULL COMMENT '',
  PRIMARY KEY (`dept_id`) USING BTREE
) ENGINE=InnoDB AUTO_INCREMENT=110 DEFAULT CHARSET=utf8 ROW_FORMAT=DYNAMIC COMMENT='';

-- ----------------------------
-- Records of sys_dept
-- ----------------------------
INSERT INTO `sys_dept` VALUES ('100', '0', '0', '', '0', '', '15888888888', 'ry@qq.com', '0', '0', 'admin', '2020-10-22 14:27:04', 'admin', '2020-11-10 22:10:41');
INSERT INTO `sys_dept` VALUES ('103', '100', '0,100', '', '1', '', '15888888888', 'ry@qq.com', '0', '0', 'admin', '2020-10-22 14:27:04', 'admin', '2020-11-10 22:10:13');
INSERT INTO `sys_dept` VALUES ('104', '100', '0,100', '', '2', '', '15888888888', 'ry@qq.com', '0', '0', 'admin', '2020-10-22 14:27:04', 'admin', '2020-11-10 22:10:24');
INSERT INTO `sys_dept` VALUES ('105', '100', '0,100', '', '3', '', '15888888888', 'ry@qq.com', '0', '0', 'admin', '2020-10-22 14:27:04', 'admin', '2020-11-10 22:10:29');
INSERT INTO `sys_dept` VALUES ('106', '100', '0,100', '', '4', '', '15888888888', 'ry@qq.com', '0', '0', 'admin', '2020-10-22 14:27:04', 'admin', '2020-11-10 22:10:34');
INSERT INTO `sys_dept` VALUES ('107', '100', '0,100', '', '5', '', '15888888888', 'ry@qq.com', '0', '0', 'admin', '2020-10-22 14:27:04', 'admin', '2020-11-10 22:10:41');
INSERT INTO `sys_dept` VALUES ('108', '102', '0,100,102', '', '1', '', '15888888888', 'ry@qq.com', '0', '2', 'admin', '2020-10-22 14:27:04', '', null);
INSERT INTO `sys_dept` VALUES ('109', '102', '0,100,102', '', '2', '', '15888888888', 'ry@qq.com', '0', '2', 'admin', '2020-10-22 14:27:04', '', null);

-- ----------------------------
-- Table structure for sys_dict_data
-- ----------------------------
DROP TABLE IF EXISTS `sys_dict_data`;
CREATE TABLE `sys_dict_data` (
  `dict_code` bigint(20) NOT NULL AUTO_INCREMENT COMMENT '',
  `dict_sort` int(4) DEFAULT '0' COMMENT '',
  `dict_label` varchar(100) DEFAULT '' COMMENT '',
  `dict_value` varchar(100) DEFAULT '' COMMENT '',
  `dict_type` varchar(100) DEFAULT '' COMMENT '',
  `css_class` varchar(100) DEFAULT NULL COMMENT '',
  `list_class` varchar(100) DEFAULT NULL COMMENT '',
  `is_default` char(1) DEFAULT 'N' COMMENT 'Y N',
  `status` char(1) DEFAULT '0' COMMENT '0 1',
  `create_by` varchar(64) DEFAULT '' COMMENT '',
  `create_time` datetime DEFAULT NULL COMMENT '',
  `update_by` varchar(64) DEFAULT '' COMMENT '',
  `update_time` datetime DEFAULT NULL COMMENT '',
  `remark` varchar(500) DEFAULT NULL COMMENT '',
  PRIMARY KEY (`dict_code`) USING BTREE
) ENGINE=InnoDB AUTO_INCREMENT=119 DEFAULT CHARSET=utf8 ROW_FORMAT=DYNAMIC COMMENT='';

-- ----------------------------
-- Records of sys_dict_data
-- ----------------------------
INSERT INTO `sys_dict_data` VALUES ('1', '1', '', '0', 'sys_user_sex', '', '', 'Y', '0', 'admin', '2020-10-22 14:27:04', '', null, '');
INSERT INTO `sys_dict_data` VALUES ('2', '2', '', '1', 'sys_user_sex', '', '', 'N', '0', 'admin', '2020-10-22 14:27:04', '', null, '');
INSERT INTO `sys_dict_data` VALUES ('3', '3', '', '2', 'sys_user_sex', '', '', 'N', '0', 'admin', '2020-10-22 14:27:04', '', null, '');
INSERT INTO `sys_dict_data` VALUES ('4', '1', '', '0', 'sys_show_hide', '', 'primary', 'Y', '0', 'admin', '2020-10-22 14:27:04', '', null, '');
INSERT INTO `sys_dict_data` VALUES ('5', '2', '', '1', 'sys_show_hide', '', 'danger', 'N', '0', 'admin', '2020-10-22 14:27:04', '', null, '');
INSERT INTO `sys_dict_data` VALUES ('6', '1', '', '0', 'sys_normal_disable', '', 'primary', 'Y', '0', 'admin', '2020-10-22 14:27:04', '', null, '');
INSERT INTO `sys_dict_data` VALUES ('7', '2', '', '1', 'sys_normal_disable', '', 'danger', 'N', '0', 'admin', '2020-10-22 14:27:04', '', null, '');
INSERT INTO `sys_dict_data` VALUES ('8', '1', '', '0', 'sys_job_status', '', 'primary', 'Y', '0', 'admin', '2020-10-22 14:27:04', '', null, '');
INSERT INTO `sys_dict_data` VALUES ('9', '2', '', '1', 'sys_job_status', '', 'danger', 'N', '0', 'admin', '2020-10-22 14:27:04', '', null, '');
INSERT INTO `sys_dict_data` VALUES ('10', '1', '', 'DEFAULT', 'sys_job_group', '', '', 'Y', '0', 'admin', '2020-10-22 14:27:04', '', null, '');
INSERT INTO `sys_dict_data` VALUES ('11', '2', '', 'SYSTEM', 'sys_job_group', '', '', 'N', '0', 'admin', '2020-10-22 14:27:04', '', null, '');
INSERT INTO `sys_dict_data` VALUES ('12', '1', '', 'Y', 'sys_yes_no', '', 'primary', 'Y', '0', 'admin', '2020-10-22 14:27:04', '', null, '');
INSERT INTO `sys_dict_data` VALUES ('13', '2', '', 'N', 'sys_yes_no', '', 'danger', 'N', '0', 'admin', '2020-10-22 14:27:04', '', null, '');
INSERT INTO `sys_dict_data` VALUES ('14', '1', '', '1', 'sys_notice_type', '', 'warning', 'Y', '0', 'admin', '2020-10-22 14:27:04', '', null, '');
INSERT INTO `sys_dict_data` VALUES ('15', '2', '', '2', 'sys_notice_type', '', 'success', 'N', '0', 'admin', '2020-10-22 14:27:04', '', null, '');
INSERT INTO `sys_dict_data` VALUES ('16', '1', '', '0', 'sys_notice_status', '', 'primary', 'Y', '0', 'admin', '2020-10-22 14:27:04', '', null, '');
INSERT INTO `sys_dict_data` VALUES ('17', '2', '', '1', 'sys_notice_status', '', 'danger', 'N', '0', 'admin', '2020-10-22 14:27:04', '', null, '');
INSERT INTO `sys_dict_data` VALUES ('18', '1', '', '1', 'sys_oper_type', '', 'info', 'N', '0', 'admin', '2020-10-22 14:27:04', '', null, '');
INSERT INTO `sys_dict_data` VALUES ('19', '2', '', '2', 'sys_oper_type', '', 'info', 'N', '0', 'admin', '2020-10-22 14:27:04', '', null, '');
INSERT INTO `sys_dict_data` VALUES ('20', '3', '', '3', 'sys_oper_type', '', 'danger', 'N', '0', 'admin', '2020-10-22 14:27:04', '', null, '');
INSERT INTO `sys_dict_data` VALUES ('21', '4', '', '4', 'sys_oper_type', '', 'primary', 'N', '0', 'admin', '2020-10-22 14:27:04', '', null, '');
INSERT INTO `sys_dict_data` VALUES ('22', '5', '', '5', 'sys_oper_type', '', 'warning', 'N', '0', 'admin', '2020-10-22 14:27:04', '', null, '');
INSERT INTO `sys_dict_data` VALUES ('23', '6', '', '6', 'sys_oper_type', '', 'warning', 'N', '0', 'admin', '2020-10-22 14:27:04', '', null, '');
INSERT INTO `sys_dict_data` VALUES ('24', '7', '', '7', 'sys_oper_type', '', 'danger', 'N', '0', 'admin', '2020-10-22 14:27:04', '', null, '');
INSERT INTO `sys_dict_data` VALUES ('25', '8', '', '8', 'sys_oper_type', '', 'warning', 'N', '0', 'admin', '2020-10-22 14:27:04', '', null, '');
INSERT INTO `sys_dict_data` VALUES ('26', '9', '', '9', 'sys_oper_type', '', 'danger', 'N', '0', 'admin', '2020-10-22 14:27:04', '', null, '');
INSERT INTO `sys_dict_data` VALUES ('27', '1', '', '0', 'sys_common_status', '', 'primary', 'N', '0', 'admin', '2020-10-22 14:27:04', '', null, '');
INSERT INTO `sys_dict_data` VALUES ('28', '2', '', '1', 'sys_common_status', '', 'danger', 'N', '0', 'admin', '2020-10-22 14:27:04', '', null, '');
INSERT INTO `sys_dict_data` VALUES ('100', '1', '', '0', 'activiti_flow_type', null, null, 'N', '0', 'admin', '2020-10-28 00:03:42', 'admin', '2020-10-28 22:40:58', null);
INSERT INTO `sys_dict_data` VALUES ('101', '2', '', '1', 'activiti_flow_type', null, null, 'N', '0', 'admin', '2020-10-28 00:03:50', 'admin', '2020-10-28 22:41:09', null);
INSERT INTO `sys_dict_data` VALUES ('102', '3', '', '2', 'activiti_flow_type', null, null, 'N', '0', 'admin', '2020-10-28 00:04:02', 'admin', '2020-10-28 22:41:17', null);
INSERT INTO `sys_dict_data` VALUES ('103', '1', '', '', 'activiti_leave_type', null, null, 'N', '0', 'admin', '2020-10-28 00:07:14', 'admin', '2020-11-04 17:41:02', null);
INSERT INTO `sys_dict_data` VALUES ('104', '2', '', '', 'activiti_leave_type', null, null, 'N', '0', 'admin', '2020-10-28 00:07:27', 'admin', '2020-11-04 17:41:07', null);
INSERT INTO `sys_dict_data` VALUES ('105', '3', '', '', 'activiti_leave_type', null, null, 'N', '0', 'admin', '2020-10-28 00:07:48', 'admin', '2020-11-04 17:41:12', null);
INSERT INTO `sys_dict_data` VALUES ('106', '1', '', '', 'activiti_requirement_type', null, null, 'N', '0', 'admin', '2021-03-17 10:57:14', 'admin', '2021-03-17 10:57:24', null);
INSERT INTO `sys_dict_data` VALUES ('107', '2', '', '', 'activiti_requirement_type', null, null, 'N', '0', 'admin', '2021-03-17 10:57:17', 'admin', '2021-03-17 10:57:27', null);
INSERT INTO `sys_dict_data` VALUES ('108', '1', '', '', 'activiti_enforce_type', '', '', 'N', '0', 'admin', '2021-03-17 10:57:17', 'admin', '2021-03-17 10:57:27', '');
INSERT INTO `sys_dict_data` VALUES ('109', '2', '', '', 'activiti_enforce_type', '', '', 'N', '0', 'admin', '2021-03-17 10:57:17', 'admin', '2021-03-17 10:57:27', '');
INSERT INTO `sys_dict_data` VALUES ('110', '3', '', '', 'activiti_enforce_type', '', '', 'N', '0', 'admin', '2021-03-17 10:57:17', 'admin', '2021-03-17 10:57:27', '');
INSERT INTO `sys_dict_data` VALUES ('111', '4', '', '', 'activiti_enforce_type', '', '', 'N', '0', 'admin', '2021-03-17 10:57:17', 'admin', '2021-03-17 10:57:27', '');
INSERT INTO `sys_dict_data` VALUES ('112', '5', '', '', 'activiti_enforce_type', '', '', 'N', '0', 'admin', '2021-03-17 10:57:17', 'admin', '2021-03-17 10:57:27', '');
INSERT INTO `sys_dict_data` VALUES ('113', '1', '', '', 'activiti_summarize_type', '', '', 'N', '0', 'admin', '2021-03-17 10:57:17', 'admin', '2021-03-17 10:57:27', '');
INSERT INTO `sys_dict_data` VALUES ('114', '1', '', '', 'activiti_firstcheck_type', '', '', 'N', '0', 'admin', '2021-03-17 10:57:17', 'admin', '2021-03-17 10:57:27', '');
INSERT INTO `sys_dict_data` VALUES ('115', '1', '', '', 'activiti_trialrun_type', '', '', 'N', '0', 'admin', '2021-03-17 10:57:17', 'admin', '2021-03-17 10:57:27', '');
INSERT INTO `sys_dict_data` VALUES ('116', '2', '', '', 'activiti_trialrun_type', '', '', 'N', '0', 'admin', '2021-03-17 10:57:17', 'admin', '2021-03-17 10:57:27', '');
INSERT INTO `sys_dict_data` VALUES ('117', '1', '', '', 'activiti_finalinspection_type', '', '', 'N', '0', 'admin', '2021-03-17 10:57:17', 'admin', '2021-03-17 10:57:27', '');
INSERT INTO `sys_dict_data` VALUES ('118', '2', '', '', 'activiti_finalinspection_type', '', '', 'N', '0', 'admin', '2021-03-17 10:57:17', 'admin', '2021-03-17 10:57:27', '');

-- ----------------------------
-- Table structure for sys_dict_type
-- ----------------------------
DROP TABLE IF EXISTS `sys_dict_type`;
CREATE TABLE `sys_dict_type` (
  `dict_id` bigint(20) NOT NULL AUTO_INCREMENT COMMENT '',
  `dict_name` varchar(100) DEFAULT '' COMMENT '',
  `dict_type` varchar(100) DEFAULT '' COMMENT '',
  `status` char(1) DEFAULT '0' COMMENT '0 1',
  `create_by` varchar(64) DEFAULT '' COMMENT '',
  `create_time` datetime DEFAULT NULL COMMENT '',
  `update_by` varchar(64) DEFAULT '' COMMENT '',
  `update_time` datetime DEFAULT NULL COMMENT '',
  `remark` varchar(500) DEFAULT NULL COMMENT '',
  PRIMARY KEY (`dict_id`) USING BTREE,
  UNIQUE KEY `dict_type` (`dict_type`) USING BTREE
) ENGINE=InnoDB AUTO_INCREMENT=112 DEFAULT CHARSET=utf8 ROW_FORMAT=DYNAMIC COMMENT='';

-- ----------------------------
-- Records of sys_dict_type
-- ----------------------------
INSERT INTO `sys_dict_type` VALUES ('1', '', 'sys_user_sex', '0', 'admin', '2020-10-22 14:27:04', '', null, '');
INSERT INTO `sys_dict_type` VALUES ('2', '', 'sys_show_hide', '0', 'admin', '2020-10-22 14:27:04', '', null, '');
INSERT INTO `sys_dict_type` VALUES ('3', '', 'sys_normal_disable', '0', 'admin', '2020-10-22 14:27:04', '', null, '');
INSERT INTO `sys_dict_type` VALUES ('4', '', 'sys_job_status', '0', 'admin', '2020-10-22 14:27:04', '', null, '');
INSERT INTO `sys_dict_type` VALUES ('5', '', 'sys_job_group', '0', 'admin', '2020-10-22 14:27:04', '', null, '');
INSERT INTO `sys_dict_type` VALUES ('6', '', 'sys_yes_no', '0', 'admin', '2020-10-22 14:27:04', '', null, '');
INSERT INTO `sys_dict_type` VALUES ('7', '', 'sys_notice_type', '0', 'admin', '2020-10-22 14:27:04', '', null, '');
INSERT INTO `sys_dict_type` VALUES ('8', '', 'sys_notice_status', '0', 'admin', '2020-10-22 14:27:04', '', null, '');
INSERT INTO `sys_dict_type` VALUES ('9', '', 'sys_oper_type', '0', 'admin', '2020-10-22 14:27:04', '', null, '');
INSERT INTO `sys_dict_type` VALUES ('10', '', 'sys_common_status', '0', 'admin', '2020-10-22 14:27:04', '', null, '');
INSERT INTO `sys_dict_type` VALUES ('100', 'OA', 'activiti_flow_type', '0', 'admin', '2020-10-28 00:01:56', 'admin', '2020-10-28 00:02:43', 'OA');
INSERT INTO `sys_dict_type` VALUES ('101', '', 'activiti_leave_type', '0', 'admin', '2020-10-28 00:06:10', 'admin', '2020-10-28 00:06:34', null);
INSERT INTO `sys_dict_type` VALUES ('102', '', 'activiti_requirement_type', '0', 'admin', '2021-03-17 10:59:14', 'admin', '2021-03-17 10:59:17', null);
INSERT INTO `sys_dict_type` VALUES ('103', '', 'sys_file_standard', '0', 'admin', '2021-03-19 10:47:41', 'admin', '2021-03-19 10:47:46', null);
INSERT INTO `sys_dict_type` VALUES ('104', '', 'sys_file_info', '0', 'admin', '2021-03-19 10:57:54', 'admin', '2021-03-19 10:57:57', null);
INSERT INTO `sys_dict_type` VALUES ('107', '', 'activiti_enforce_type', '0', 'admin', '2021-03-17 10:59:14', 'admin', '2021-03-17 10:59:17', '');
INSERT INTO `sys_dict_type` VALUES ('108', '', 'activiti_summarize_type', '0', 'admin', '2021-03-17 10:59:14', 'admin', '2021-03-17 10:59:17', '');
INSERT INTO `sys_dict_type` VALUES ('109', '', 'activiti_firstcheck_type', '0', 'admin', '2021-03-17 10:59:14', 'admin', '2021-03-17 10:59:17', '');
INSERT INTO `sys_dict_type` VALUES ('110', '', 'activiti_trialrun_type', '0', 'admin', '2021-03-17 10:59:14', 'admin', '2021-03-17 10:59:17', '');
INSERT INTO `sys_dict_type` VALUES ('111', '', 'activiti_finalinspection_type', '0', 'admin', '2021-03-17 10:59:14', 'admin', '2021-03-17 10:59:17', '');

-- ----------------------------
-- Table structure for sys_file_info
-- ----------------------------
DROP TABLE IF EXISTS `sys_file_info`;
CREATE TABLE `sys_file_info` (
  `file_id` int(11) NOT NULL AUTO_INCREMENT COMMENT 'id',
  `show_name` varchar(255) DEFAULT NULL,
  `file_path` varchar(50) DEFAULT '' COMMENT '',
  `real_name` varchar(255) DEFAULT '' COMMENT '',
  PRIMARY KEY (`file_id`)
) ENGINE=InnoDB DEFAULT CHARSET=utf8 COMMENT='';

-- ----------------------------
-- Records of sys_file_info
-- ----------------------------

-- ----------------------------
-- Table structure for sys_file_productwarehouse
-- ----------------------------
DROP TABLE IF EXISTS `sys_file_productwarehouse`;
CREATE TABLE `sys_file_productwarehouse` (
  `file_id` int(11) NOT NULL AUTO_INCREMENT COMMENT 'id',
  `real_name` varchar(255) DEFAULT NULL,
  `show_name` varchar(50) DEFAULT '' COMMENT '',
  `file_path` varchar(255) DEFAULT '' COMMENT '',
  `categories_name` varchar(255) DEFAULT NULL,
  PRIMARY KEY (`file_id`)
) ENGINE=InnoDB DEFAULT CHARSET=utf8 COMMENT='';

-- ----------------------------
-- Records of sys_file_productwarehouse
-- ----------------------------

-- ----------------------------
-- Table structure for sys_file_standard
-- ----------------------------
DROP TABLE IF EXISTS `sys_file_standard`;
CREATE TABLE `sys_file_standard` (
  `file_id` int(11) NOT NULL AUTO_INCREMENT COMMENT 'id',
  `real_name` varchar(255) DEFAULT NULL,
  `show_name` varchar(50) DEFAULT '' COMMENT '',
  `file_path` varchar(255) DEFAULT '' COMMENT '',
  `categories_name` varchar(255) DEFAULT NULL,
  PRIMARY KEY (`file_id`)
) ENGINE=InnoDB DEFAULT CHARSET=utf8 COMMENT='';

-- ----------------------------
-- Records of sys_file_standard
-- ----------------------------

-- ----------------------------
-- Table structure for sys_file_toolswarehouse
-- ----------------------------
DROP TABLE IF EXISTS `sys_file_toolswarehouse`;
CREATE TABLE `sys_file_toolswarehouse` (
  `file_id` int(11) NOT NULL AUTO_INCREMENT COMMENT 'id',
  `real_name` varchar(255) DEFAULT NULL,
  `show_name` varchar(50) DEFAULT '' COMMENT '',
  `file_path` varchar(255) DEFAULT '' COMMENT '',
  `categories_name` varchar(255) DEFAULT NULL,
  PRIMARY KEY (`file_id`)
) ENGINE=InnoDB DEFAULT CHARSET=utf8 COMMENT='';

-- ----------------------------
-- Records of sys_file_toolswarehouse
-- ----------------------------

-- ----------------------------
-- Table structure for sys_job
-- ----------------------------
DROP TABLE IF EXISTS `sys_job`;
CREATE TABLE `sys_job` (
  `job_id` bigint(20) NOT NULL AUTO_INCREMENT COMMENT 'ID',
  `job_name` varchar(64) NOT NULL DEFAULT '' COMMENT '',
  `job_group` varchar(64) NOT NULL DEFAULT 'DEFAULT' COMMENT '',
  `invoke_target` varchar(500) NOT NULL COMMENT '',
  `cron_expression` varchar(255) DEFAULT '' COMMENT 'cron',
  `misfire_policy` varchar(20) DEFAULT '3' COMMENT '1 2 3',
  `concurrent` char(1) DEFAULT '1' COMMENT '0 1',
  `status` char(1) DEFAULT '0' COMMENT '0 1',
  `create_by` varchar(64) DEFAULT '' COMMENT '',
  `create_time` datetime DEFAULT NULL COMMENT '',
  `update_by` varchar(64) DEFAULT '' COMMENT '',
  `update_time` datetime DEFAULT NULL COMMENT '',
  `remark` varchar(500) DEFAULT '' COMMENT '',
  PRIMARY KEY (`job_id`,`job_name`,`job_group`) USING BTREE
) ENGINE=InnoDB AUTO_INCREMENT=4 DEFAULT CHARSET=utf8 ROW_FORMAT=DYNAMIC COMMENT='';

-- ----------------------------
-- Records of sys_job
-- ----------------------------
INSERT INTO `sys_job` VALUES ('1', '', 'DEFAULT', 'ryTask.ryNoParams', '0/10 * * * * ?', '3', '1', '1', 'admin', '2020-10-22 14:27:04', '', null, '');
INSERT INTO `sys_job` VALUES ('2', '', 'DEFAULT', 'ryTask.ryParams(\'ry\')', '0/15 * * * * ?', '3', '1', '1', 'admin', '2020-10-22 14:27:04', '', null, '');
INSERT INTO `sys_job` VALUES ('3', '', 'DEFAULT', 'ryTask.ryMultipleParams(\'ry\', true, 2000L, 316.50D, 100)', '0/20 * * * * ?', '3', '1', '1', 'admin', '2020-10-22 14:27:04', '', null, '');

-- ----------------------------
-- Table structure for sys_job_log
-- ----------------------------
DROP TABLE IF EXISTS `sys_job_log`;
CREATE TABLE `sys_job_log` (
  `job_log_id` bigint(20) NOT NULL AUTO_INCREMENT COMMENT 'ID',
  `job_name` varchar(64) NOT NULL COMMENT '',
  `job_group` varchar(64) NOT NULL COMMENT '',
  `invoke_target` varchar(500) NOT NULL COMMENT '',
  `job_message` varchar(500) DEFAULT NULL COMMENT '',
  `status` char(1) DEFAULT '0' COMMENT '0 1',
  `exception_info` varchar(2000) DEFAULT '' COMMENT '',
  `create_time` datetime DEFAULT NULL COMMENT '',
  PRIMARY KEY (`job_log_id`) USING BTREE
) ENGINE=InnoDB DEFAULT CHARSET=utf8 ROW_FORMAT=DYNAMIC COMMENT='';

-- ----------------------------
-- Records of sys_job_log
-- ----------------------------

-- ----------------------------
-- Table structure for sys_logininfor
-- ----------------------------
DROP TABLE IF EXISTS `sys_logininfor`;
CREATE TABLE `sys_logininfor` (
  `info_id` bigint(20) NOT NULL AUTO_INCREMENT COMMENT 'ID',
  `user_name` varchar(50) DEFAULT '' COMMENT '',
  `ipaddr` varchar(50) DEFAULT '' COMMENT 'IP',
  `login_location` varchar(255) DEFAULT '' COMMENT '',
  `browser` varchar(50) DEFAULT '' COMMENT '',
  `os` varchar(50) DEFAULT '' COMMENT '',
  `status` char(1) DEFAULT '0' COMMENT '0 1',
  `msg` varchar(255) DEFAULT '' COMMENT '',
  `login_time` datetime DEFAULT NULL COMMENT '',
  PRIMARY KEY (`info_id`) USING BTREE
) ENGINE=InnoDB AUTO_INCREMENT=347 DEFAULT CHARSET=utf8 ROW_FORMAT=DYNAMIC COMMENT='';

-- ----------------------------
-- Records of sys_logininfor
-- ----------------------------
INSERT INTO `sys_logininfor` VALUES ('262', 'admin', '127.0.0.1', 'IP', 'Chrome 8', 'Windows 10', '1', '/', '2020-12-11 09:26:29');
INSERT INTO `sys_logininfor` VALUES ('263', 'admin', '127.0.0.1', 'IP', 'Chrome 8', 'Windows 10', '0', '', '2020-12-11 09:27:13');
INSERT INTO `sys_logininfor` VALUES ('264', 'admin', '127.0.0.1', 'IP', 'Chrome 8', 'Windows 10', '0', '', '2020-12-11 09:28:20');
INSERT INTO `sys_logininfor` VALUES ('265', 'zhugeliang', '127.0.0.1', 'IP', 'Firefox 8', 'Windows 10', '0', '', '2020-12-11 09:29:59');
INSERT INTO `sys_logininfor` VALUES ('266', 'zhugeliang', '127.0.0.1', 'IP', 'Firefox 8', 'Windows 10', '1', '', '2020-12-11 10:51:43');
INSERT INTO `sys_logininfor` VALUES ('267', 'zhugeliang', '127.0.0.1', 'IP', 'Firefox 8', 'Windows 10', '1', '', '2020-12-11 10:51:47');
INSERT INTO `sys_logininfor` VALUES ('268', 'zhugeliang', '127.0.0.1', 'IP', 'Firefox 8', 'Windows 10', '0', '', '2020-12-11 10:51:54');
INSERT INTO `sys_logininfor` VALUES ('269', 'zhugeliang', '127.0.0.1', 'IP', 'Chrome 8', 'Windows 10', '1', '', '2020-12-11 14:10:40');
INSERT INTO `sys_logininfor` VALUES ('270', 'zhugeliang', '127.0.0.1', 'IP', 'Chrome 8', 'Windows 10', '0', '', '2020-12-11 14:10:45');
INSERT INTO `sys_logininfor` VALUES ('271', 'admin', '127.0.0.1', 'IP', 'Firefox 8', 'Windows 10', '0', '', '2020-12-11 14:11:27');
INSERT INTO `sys_logininfor` VALUES ('272', 'admin', '127.0.0.1', 'IP', 'Firefox 8', 'Windows 10', '0', '', '2020-12-11 16:07:20');
INSERT INTO `sys_logininfor` VALUES ('273', 'admin', '127.0.0.1', 'IP', 'Firefox 8', 'Windows 10', '0', '', '2020-12-11 17:03:12');
INSERT INTO `sys_logininfor` VALUES ('274', 'admin', '127.0.0.1', 'IP', 'Chrome 8', 'Windows 10', '1', '', '2020-12-12 10:38:08');
INSERT INTO `sys_logininfor` VALUES ('275', 'admin', '127.0.0.1', 'IP', 'Chrome 8', 'Windows 10', '0', '', '2020-12-12 10:38:13');
INSERT INTO `sys_logininfor` VALUES ('276', 'admin', '127.0.0.1', 'IP', 'Firefox 8', 'Windows 10', '0', '', '2020-12-12 10:41:30');
INSERT INTO `sys_logininfor` VALUES ('277', 'admin', '127.0.0.1', 'IP', 'Chrome 8', 'Windows 10', '1', '', '2020-12-30 16:19:57');
INSERT INTO `sys_logininfor` VALUES ('278', 'admin', '127.0.0.1', 'IP', 'Chrome 8', 'Windows 10', '0', '', '2020-12-30 16:20:02');
INSERT INTO `sys_logininfor` VALUES ('279', 'zhaoyun', '127.0.0.1', 'IP', 'Chrome 8', 'Windows 10', '1', '/', '2020-12-30 16:22:16');
INSERT INTO `sys_logininfor` VALUES ('280', 'zhaoyun', '127.0.0.1', 'IP', 'Chrome 8', 'Windows 10', '1', '/', '2020-12-30 16:22:27');
INSERT INTO `sys_logininfor` VALUES ('281', 'zhugeliang', '127.0.0.1', 'IP', 'Chrome 8', 'Windows 10', '1', '', '2020-12-30 16:22:47');
INSERT INTO `sys_logininfor` VALUES ('282', 'zhugeliang', '127.0.0.1', 'IP', 'Chrome 8', 'Windows 10', '0', '', '2020-12-30 16:22:52');
INSERT INTO `sys_logininfor` VALUES ('283', 'admin', '127.0.0.1', 'IP', 'Chrome 8', 'Windows 10', '0', '', '2021-03-05 21:01:45');
INSERT INTO `sys_logininfor` VALUES ('284', 'admin', '127.0.0.1', 'IP', 'Firefox 8', 'Windows 10', '0', '', '2021-03-05 21:02:46');
INSERT INTO `sys_logininfor` VALUES ('285', 'admin', '127.0.0.1', 'IP', 'Firefox 8', 'Windows 10', '0', '', '2021-03-05 22:13:30');
INSERT INTO `sys_logininfor` VALUES ('286', 'admin', '127.0.0.1', 'IP', 'Chrome 8', 'Windows 10', '0', '', '2021-03-13 21:06:22');
INSERT INTO `sys_logininfor` VALUES ('287', 'admin', '127.0.0.1', 'IP', 'Firefox 8', 'Windows 10', '0', '', '2021-03-13 21:06:49');
INSERT INTO `sys_logininfor` VALUES ('288', 'admin', '127.0.0.1', 'IP', 'Firefox 8', 'Windows 10', '0', '', '2021-03-13 21:53:18');
INSERT INTO `sys_logininfor` VALUES ('289', 'admin', '127.0.0.1', 'IP', 'Firefox 8', 'Windows 10', '0', '', '2021-03-13 22:37:38');
INSERT INTO `sys_logininfor` VALUES ('290', 'admin', '127.0.0.1', 'IP', 'Firefox 8', 'Windows 10', '0', '', '2021-03-13 23:16:52');
INSERT INTO `sys_logininfor` VALUES ('291', 'admin', '127.0.0.1', 'IP', 'Firefox 8', 'Windows 10', '0', '', '2021-03-14 00:07:27');
INSERT INTO `sys_logininfor` VALUES ('292', 'admin', '127.0.0.1', 'IP', 'Chrome', 'Windows 10', '0', '', '2021-03-16 16:55:13');
INSERT INTO `sys_logininfor` VALUES ('293', 'admin', '127.0.0.1', 'IP', 'Chrome', 'Windows 10', '0', '', '2021-03-17 14:52:29');
INSERT INTO `sys_logininfor` VALUES ('294', 'admin', '172.16.20.19', 'IP', 'Chrome', 'Windows 10', '1', '', '2021-03-17 15:24:39');
INSERT INTO `sys_logininfor` VALUES ('295', 'admin', '172.16.20.19', 'IP', 'Chrome', 'Windows 10', '0', '', '2021-03-17 15:24:44');
INSERT INTO `sys_logininfor` VALUES ('296', 'admin', '127.0.0.1', 'IP', 'Chrome', 'Windows 10', '0', '', '2021-03-17 16:09:28');
INSERT INTO `sys_logininfor` VALUES ('297', 'admin', '127.0.0.1', 'IP', 'Chrome', 'Windows 10', '0', '', '2021-03-17 18:15:05');
INSERT INTO `sys_logininfor` VALUES ('298', 'admin', '127.0.0.1', 'IP', 'Chrome', 'Windows 10', '0', '', '2021-03-17 21:30:13');
INSERT INTO `sys_logininfor` VALUES ('299', 'admin', '127.0.0.1', 'IP', 'Chrome', 'Windows 10', '1', '', '2021-03-17 22:57:23');
INSERT INTO `sys_logininfor` VALUES ('300', 'admin', '127.0.0.1', 'IP', 'Chrome', 'Windows 10', '0', '', '2021-03-17 22:57:29');
INSERT INTO `sys_logininfor` VALUES ('301', 'admin', '127.0.0.1', 'IP', 'Chrome', 'Windows 10', '0', '', '2021-03-17 22:59:57');
INSERT INTO `sys_logininfor` VALUES ('302', 'admin', '127.0.0.1', 'IP', 'Chrome', 'Windows 10', '0', '', '2021-03-17 23:16:24');
INSERT INTO `sys_logininfor` VALUES ('303', 'admin', '127.0.0.1', 'IP', 'Chrome', 'Windows 10', '0', '', '2021-03-18 09:52:47');
INSERT INTO `sys_logininfor` VALUES ('304', 'admin', '127.0.0.1', 'IP', 'Chrome', 'Windows 10', '0', '', '2021-03-18 10:48:37');
INSERT INTO `sys_logininfor` VALUES ('305', 'admin', '127.0.0.1', 'IP', 'Chrome', 'Windows 10', '0', '', '2021-03-19 10:24:59');
INSERT INTO `sys_logininfor` VALUES ('306', 'admin', '127.0.0.1', 'IP', 'Chrome', 'Windows 10', '0', '', '2021-03-19 16:45:35');
INSERT INTO `sys_logininfor` VALUES ('307', 'admin', '127.0.0.1', 'IP', 'Chrome 8', 'Windows 10', '1', '/', '2021-03-25 17:04:25');
INSERT INTO `sys_logininfor` VALUES ('308', 'admin', '127.0.0.1', 'IP', 'Chrome 8', 'Windows 10', '1', '', '2021-03-25 17:04:31');
INSERT INTO `sys_logininfor` VALUES ('309', 'admin', '127.0.0.1', 'IP', 'Chrome 8', 'Windows 10', '1', '/', '2021-03-25 17:04:35');
INSERT INTO `sys_logininfor` VALUES ('310', 'admin', '127.0.0.1', 'IP', 'Chrome 8', 'Windows 10', '1', '/', '2021-03-25 17:05:03');
INSERT INTO `sys_logininfor` VALUES ('311', 'admin', '127.0.0.1', 'IP', 'Chrome 8', 'Windows 10', '1', '', '2021-03-25 17:15:54');
INSERT INTO `sys_logininfor` VALUES ('312', 'admin', '127.0.0.1', 'IP', 'Chrome 8', 'Windows 10', '1', '/', '2021-03-25 17:15:57');
INSERT INTO `sys_logininfor` VALUES ('313', 'ruoyi', '127.0.0.1', 'IP', 'Chrome 8', 'Windows 10', '1', '/', '2021-03-25 17:16:07');
INSERT INTO `sys_logininfor` VALUES ('314', 'ry', '127.0.0.1', 'IP', 'Chrome 8', 'Windows 10', '1', '/', '2021-03-25 17:16:21');
INSERT INTO `sys_logininfor` VALUES ('315', 'ry', '127.0.0.1', 'IP', 'Chrome 8', 'Windows 10', '1', '/', '2021-03-25 17:16:30');
INSERT INTO `sys_logininfor` VALUES ('316', 'ry', '127.0.0.1', 'IP', 'Chrome 8', 'Windows 10', '1', '', '2021-03-25 17:16:41');
INSERT INTO `sys_logininfor` VALUES ('317', 'ry', '127.0.0.1', 'IP', 'Chrome 8', 'Windows 10', '1', '/', '2021-03-25 17:16:45');
INSERT INTO `sys_logininfor` VALUES ('318', 'admin', '127.0.0.1', 'IP', 'Chrome 8', 'Windows 10', '0', '', '2021-03-25 17:17:27');
INSERT INTO `sys_logininfor` VALUES ('319', 'admin', '127.0.0.1', 'IP', 'Chrome 8', 'Windows 10', '0', '', '2021-03-25 18:58:03');
INSERT INTO `sys_logininfor` VALUES ('320', 'admin', '127.0.0.1', 'IP', 'Chrome 8', 'Windows 10', '0', '', '2021-03-26 10:11:30');
INSERT INTO `sys_logininfor` VALUES ('321', 'admin', '127.0.0.1', 'IP', 'Chrome 8', 'Windows 10', '0', '', '2021-03-26 11:12:15');
INSERT INTO `sys_logininfor` VALUES ('322', 'admin', '127.0.0.1', 'IP', 'Chrome 8', 'Windows 10', '0', '', '2021-03-26 16:28:25');
INSERT INTO `sys_logininfor` VALUES ('323', 'admin', '127.0.0.1', 'IP', 'Chrome 8', 'Windows 10', '0', '', '2021-03-26 17:03:54');
INSERT INTO `sys_logininfor` VALUES ('324', 'admin', '127.0.0.1', 'IP', 'Chrome 8', 'Windows 10', '0', '', '2021-03-27 10:50:27');
INSERT INTO `sys_logininfor` VALUES ('325', 'admin', '127.0.0.1', 'IP', 'Chrome 8', 'Windows 10', '0', '', '2021-03-29 10:15:59');
INSERT INTO `sys_logininfor` VALUES ('326', 'admin', '127.0.0.1', 'IP', 'Chrome 8', 'Windows 10', '0', '', '2021-03-29 11:02:06');
INSERT INTO `sys_logininfor` VALUES ('327', 'admin', '127.0.0.1', 'IP', 'Chrome 8', 'Windows 10', '0', '', '2021-03-29 11:50:25');
INSERT INTO `sys_logininfor` VALUES ('328', 'admin', '127.0.0.1', 'IP', 'Chrome 8', 'Windows 10', '0', '', '2021-03-29 12:21:24');
INSERT INTO `sys_logininfor` VALUES ('329', 'admin', '127.0.0.1', 'IP', 'Chrome 8', 'Windows 10', '0', '', '2021-03-29 13:03:21');
INSERT INTO `sys_logininfor` VALUES ('330', 'admin', '127.0.0.1', 'IP', 'Chrome 8', 'Windows 10', '0', '', '2021-03-29 13:03:26');
INSERT INTO `sys_logininfor` VALUES ('331', 'admin', '127.0.0.1', 'IP', 'Chrome 8', 'Windows 10', '1', '', '2021-03-29 13:35:59');
INSERT INTO `sys_logininfor` VALUES ('332', 'admin', '127.0.0.1', 'IP', 'Chrome 8', 'Windows 10', '1', '/', '2021-03-29 13:36:06');
INSERT INTO `sys_logininfor` VALUES ('333', 'admin', '127.0.0.1', 'IP', 'Chrome 8', 'Windows 10', '1', '/', '2021-03-29 13:36:12');
INSERT INTO `sys_logininfor` VALUES ('334', 'admin', '127.0.0.1', 'IP', 'Chrome 8', 'Windows 10', '1', '/', '2021-03-29 13:36:26');
INSERT INTO `sys_logininfor` VALUES ('335', 'admin', '127.0.0.1', 'IP', 'Chrome 8', 'Windows 10', '1', '/', '2021-03-29 13:36:41');
INSERT INTO `sys_logininfor` VALUES ('336', 'admin', '127.0.0.1', 'IP', 'Chrome 8', 'Windows 10', '1', '', '2021-03-29 13:36:57');
INSERT INTO `sys_logininfor` VALUES ('337', 'admin', '127.0.0.1', 'IP', 'Chrome 8', 'Windows 10', '1', '/', '2021-03-29 13:37:02');
INSERT INTO `sys_logininfor` VALUES ('338', 'admin', '127.0.0.1', 'IP', 'Chrome 8', 'Windows 10', '1', '', '2021-03-29 13:37:12');
INSERT INTO `sys_logininfor` VALUES ('339', 'admin', '127.0.0.1', 'IP', 'Chrome 8', 'Windows 10', '1', '', '2021-03-29 13:37:20');
INSERT INTO `sys_logininfor` VALUES ('340', 'admin', '127.0.0.1', 'IP', 'Chrome 8', 'Windows 10', '1', '/', '2021-03-29 13:37:25');
INSERT INTO `sys_logininfor` VALUES ('341', 'admin', '127.0.0.1', 'IP', 'Chrome 8', 'Windows 10', '1', '', '2021-03-29 13:40:53');
INSERT INTO `sys_logininfor` VALUES ('342', 'admin', '127.0.0.1', 'IP', 'Chrome 8', 'Windows 10', '0', '', '2021-03-29 13:40:57');
INSERT INTO `sys_logininfor` VALUES ('343', 'admin', '127.0.0.1', 'IP', 'Chrome 8', 'Windows 10', '0', '', '2021-03-29 14:26:24');
INSERT INTO `sys_logininfor` VALUES ('344', 'admin', '127.0.0.1', 'IP', 'Chrome 8', 'Windows 10', '0', '', '2021-04-02 10:17:50');
INSERT INTO `sys_logininfor` VALUES ('345', 'admin', '127.0.0.1', 'IP', 'Chrome 8', 'Windows 10', '1', '', '2021-04-09 11:02:25');
INSERT INTO `sys_logininfor` VALUES ('346', 'admin', '127.0.0.1', 'IP', 'Chrome 8', 'Windows 10', '0', '', '2021-04-09 11:02:28');

-- ----------------------------
-- Table structure for sys_menu
-- ----------------------------
DROP TABLE IF EXISTS `sys_menu`;
CREATE TABLE `sys_menu` (
  `menu_id` bigint(20) NOT NULL AUTO_INCREMENT COMMENT 'ID',
  `menu_name` varchar(50) NOT NULL COMMENT '',
  `parent_id` bigint(20) DEFAULT '0' COMMENT 'ID',
  `order_num` int(4) DEFAULT '0' COMMENT '',
  `path` varchar(200) DEFAULT '' COMMENT '',
  `component` varchar(255) DEFAULT NULL COMMENT '',
  `is_frame` int(1) DEFAULT '1' COMMENT '0 1',
  `is_cache` int(1) DEFAULT '0' COMMENT '0 1',
  `menu_type` char(1) DEFAULT '' COMMENT 'M C F',
  `visible` char(1) DEFAULT '0' COMMENT '0 1',
  `status` char(1) DEFAULT '0' COMMENT '0 1',
  `perms` varchar(100) DEFAULT NULL COMMENT '',
  `icon` varchar(100) DEFAULT '#' COMMENT '',
  `create_by` varchar(64) DEFAULT '' COMMENT '',
  `create_time` datetime DEFAULT NULL COMMENT '',
  `update_by` varchar(64) DEFAULT '' COMMENT '',
  `update_time` datetime DEFAULT NULL COMMENT '',
  `remark` varchar(500) DEFAULT '' COMMENT '',
  PRIMARY KEY (`menu_id`) USING BTREE
) ENGINE=InnoDB AUTO_INCREMENT=2068 DEFAULT CHARSET=utf8 ROW_FORMAT=DYNAMIC COMMENT='';

-- ----------------------------
-- Records of sys_menu
-- ----------------------------
INSERT INTO `sys_menu` VALUES ('1', '', '0', '1', 'system', null, '1', '0', 'M', '0', '0', '', 'system', 'admin', '2020-10-22 14:27:04', '', null, '');
INSERT INTO `sys_menu` VALUES ('2', '', '0', '2', 'monitor', null, '1', '0', 'M', '0', '0', '', 'monitor', 'admin', '2020-10-22 14:27:04', '', null, '');
INSERT INTO `sys_menu` VALUES ('3', '', '0', '3', 'tool', null, '1', '0', 'M', '0', '0', '', 'tool', 'admin', '2020-10-22 14:27:04', '', null, '');
INSERT INTO `sys_menu` VALUES ('5', '', '0', '4', 'activiti', null, '1', '0', 'M', '0', '0', 'activiti:modeler:list', 'cascader', 'admin', '2020-09-13 21:58:54', '', null, '');
INSERT INTO `sys_menu` VALUES ('100', '', '1', '1', 'user', 'system/user/index', '1', '0', 'C', '0', '0', 'system:user:list', 'user', 'admin', '2020-10-22 14:27:04', '', null, '');
INSERT INTO `sys_menu` VALUES ('101', '', '1', '2', 'role', 'system/role/index', '1', '0', 'C', '0', '0', 'system:role:list', 'peoples', 'admin', '2020-10-22 14:27:04', '', null, '');
INSERT INTO `sys_menu` VALUES ('102', '', '1', '3', 'menu', 'system/menu/index', '1', '0', 'C', '0', '0', 'system:menu:list', 'tree-table', 'admin', '2020-10-22 14:27:04', '', null, '');
INSERT INTO `sys_menu` VALUES ('103', '', '1', '4', 'dept', 'system/dept/index', '1', '0', 'C', '0', '0', 'system:dept:list', 'tree', 'admin', '2020-10-22 14:27:04', '', null, '');
INSERT INTO `sys_menu` VALUES ('104', '', '1', '5', 'post', 'system/post/index', '1', '0', 'C', '0', '0', 'system:post:list', 'post', 'admin', '2020-10-22 14:27:04', '', null, '');
INSERT INTO `sys_menu` VALUES ('105', '', '1', '6', 'dict', 'system/dict/index', '1', '0', 'C', '0', '0', 'system:dict:list', 'dict', 'admin', '2020-10-22 14:27:04', '', null, '');
INSERT INTO `sys_menu` VALUES ('106', '', '1', '7', 'config', 'system/config/index', '1', '0', 'C', '0', '0', 'system:config:list', 'edit', 'admin', '2020-10-22 14:27:04', '', null, '');
INSERT INTO `sys_menu` VALUES ('107', '', '1', '8', 'notice', 'system/notice/index', '1', '0', 'C', '0', '0', 'system:notice:list', 'message', 'admin', '2020-10-22 14:27:04', '', null, '');
INSERT INTO `sys_menu` VALUES ('108', '', '1', '9', 'log', 'system/log/index', '1', '0', 'M', '0', '0', '', 'log', 'admin', '2020-10-22 14:27:04', '', null, '');
INSERT INTO `sys_menu` VALUES ('109', '', '2', '1', 'online', 'monitor/online/index', '1', '0', 'C', '0', '0', 'monitor:online:list', 'online', 'admin', '2020-10-22 14:27:04', '', null, '');
INSERT INTO `sys_menu` VALUES ('110', '', '2', '2', 'job', 'monitor/job/index', '1', '0', 'C', '0', '0', 'monitor:job:list', 'job', 'admin', '2020-10-22 14:27:04', '', null, '');
INSERT INTO `sys_menu` VALUES ('111', '', '2', '3', 'druid', 'monitor/druid/index', '1', '0', 'C', '0', '0', 'monitor:druid:list', 'druid', 'admin', '2020-10-22 14:27:04', '', null, '');
INSERT INTO `sys_menu` VALUES ('112', '', '2', '4', 'server', 'monitor/server/index', '1', '0', 'C', '0', '0', 'monitor:server:list', 'server', 'admin', '2020-10-22 14:27:04', '', null, '');
INSERT INTO `sys_menu` VALUES ('113', '', '3', '1', 'build', 'tool/build/index', '1', '0', 'C', '0', '0', 'tool:build:list', 'build', 'admin', '2020-10-22 14:27:04', '', null, '');
INSERT INTO `sys_menu` VALUES ('114', '', '3', '2', 'gen', 'tool/gen/index', '1', '0', 'C', '0', '0', 'tool:gen:list', 'code', 'admin', '2020-10-22 14:27:04', '', null, '');
INSERT INTO `sys_menu` VALUES ('115', '', '3', '3', 'swagger', 'tool/swagger/index', '1', '0', 'C', '0', '0', 'tool:swagger:list', 'swagger', 'admin', '2020-10-22 14:27:04', '', null, '');
INSERT INTO `sys_menu` VALUES ('500', '', '108', '1', 'operlog', 'monitor/operlog/index', '1', '0', 'C', '0', '0', 'monitor:operlog:list', 'form', 'admin', '2020-10-22 14:27:04', '', null, '');
INSERT INTO `sys_menu` VALUES ('501', '', '108', '2', 'logininfor', 'monitor/logininfor/index', '1', '0', 'C', '0', '0', 'monitor:logininfor:list', 'logininfor', 'admin', '2020-10-22 14:27:04', '', null, '');
INSERT INTO `sys_menu` VALUES ('1001', '', '100', '1', '', '', '1', '0', 'F', '0', '0', 'system:user:query', '#', 'admin', '2020-10-22 14:27:04', '', null, '');
INSERT INTO `sys_menu` VALUES ('1002', '', '100', '2', '', '', '1', '0', 'F', '0', '0', 'system:user:add', '#', 'admin', '2020-10-22 14:27:04', '', null, '');
INSERT INTO `sys_menu` VALUES ('1003', '', '100', '3', '', '', '1', '0', 'F', '0', '0', 'system:user:edit', '#', 'admin', '2020-10-22 14:27:04', '', null, '');
INSERT INTO `sys_menu` VALUES ('1004', '', '100', '4', '', '', '1', '0', 'F', '0', '0', 'system:user:remove', '#', 'admin', '2020-10-22 14:27:04', '', null, '');
INSERT INTO `sys_menu` VALUES ('1005', '', '100', '5', '', '', '1', '0', 'F', '0', '0', 'system:user:export', '#', 'admin', '2020-10-22 14:27:04', '', null, '');
INSERT INTO `sys_menu` VALUES ('1006', '', '100', '6', '', '', '1', '0', 'F', '0', '0', 'system:user:import', '#', 'admin', '2020-10-22 14:27:04', '', null, '');
INSERT INTO `sys_menu` VALUES ('1007', '', '100', '7', '', '', '1', '0', 'F', '0', '0', 'system:user:resetPwd', '#', 'admin', '2020-10-22 14:27:04', '', null, '');
INSERT INTO `sys_menu` VALUES ('1008', '', '101', '1', '', '', '1', '0', 'F', '0', '0', 'system:role:query', '#', 'admin', '2020-10-22 14:27:04', '', null, '');
INSERT INTO `sys_menu` VALUES ('1009', '', '101', '2', '', '', '1', '0', 'F', '0', '0', 'system:role:add', '#', 'admin', '2020-10-22 14:27:04', '', null, '');
INSERT INTO `sys_menu` VALUES ('1010', '', '101', '3', '', '', '1', '0', 'F', '0', '0', 'system:role:edit', '#', 'admin', '2020-10-22 14:27:04', '', null, '');
INSERT INTO `sys_menu` VALUES ('1011', '', '101', '4', '', '', '1', '0', 'F', '0', '0', 'system:role:remove', '#', 'admin', '2020-10-22 14:27:04', '', null, '');
INSERT INTO `sys_menu` VALUES ('1012', '', '101', '5', '', '', '1', '0', 'F', '0', '0', 'system:role:export', '#', 'admin', '2020-10-22 14:27:04', '', null, '');
INSERT INTO `sys_menu` VALUES ('1013', '', '102', '1', '', '', '1', '0', 'F', '0', '0', 'system:menu:query', '#', 'admin', '2020-10-22 14:27:04', '', null, '');
INSERT INTO `sys_menu` VALUES ('1014', '', '102', '2', '', '', '1', '0', 'F', '0', '0', 'system:menu:add', '#', 'admin', '2020-10-22 14:27:04', '', null, '');
INSERT INTO `sys_menu` VALUES ('1015', '', '102', '3', '', '', '1', '0', 'F', '0', '0', 'system:menu:edit', '#', 'admin', '2020-10-22 14:27:04', '', null, '');
INSERT INTO `sys_menu` VALUES ('1016', '', '102', '4', '', '', '1', '0', 'F', '0', '0', 'system:menu:remove', '#', 'admin', '2020-10-22 14:27:04', '', null, '');
INSERT INTO `sys_menu` VALUES ('1017', '', '103', '1', '', '', '1', '0', 'F', '0', '0', 'system:dept:query', '#', 'admin', '2020-10-22 14:27:04', '', null, '');
INSERT INTO `sys_menu` VALUES ('1018', '', '103', '2', '', '', '1', '0', 'F', '0', '0', 'system:dept:add', '#', 'admin', '2020-10-22 14:27:04', '', null, '');
INSERT INTO `sys_menu` VALUES ('1019', '', '103', '3', '', '', '1', '0', 'F', '0', '0', 'system:dept:edit', '#', 'admin', '2020-10-22 14:27:04', '', null, '');
INSERT INTO `sys_menu` VALUES ('1020', '', '103', '4', '', '', '1', '0', 'F', '0', '0', 'system:dept:remove', '#', 'admin', '2020-10-22 14:27:04', '', null, '');
INSERT INTO `sys_menu` VALUES ('1021', '', '104', '1', '', '', '1', '0', 'F', '0', '0', 'system:post:query', '#', 'admin', '2020-10-22 14:27:04', '', null, '');
INSERT INTO `sys_menu` VALUES ('1022', '', '104', '2', '', '', '1', '0', 'F', '0', '0', 'system:post:add', '#', 'admin', '2020-10-22 14:27:04', '', null, '');
INSERT INTO `sys_menu` VALUES ('1023', '', '104', '3', '', '', '1', '0', 'F', '0', '0', 'system:post:edit', '#', 'admin', '2020-10-22 14:27:04', '', null, '');
INSERT INTO `sys_menu` VALUES ('1024', '', '104', '4', '', '', '1', '0', 'F', '0', '0', 'system:post:remove', '#', 'admin', '2020-10-22 14:27:04', '', null, '');
INSERT INTO `sys_menu` VALUES ('1025', '', '104', '5', '', '', '1', '0', 'F', '0', '0', 'system:post:export', '#', 'admin', '2020-10-22 14:27:04', '', null, '');
INSERT INTO `sys_menu` VALUES ('1026', '', '105', '1', '#', '', '1', '0', 'F', '0', '0', 'system:dict:query', '#', 'admin', '2020-10-22 14:27:04', '', null, '');
INSERT INTO `sys_menu` VALUES ('1027', '', '105', '2', '#', '', '1', '0', 'F', '0', '0', 'system:dict:add', '#', 'admin', '2020-10-22 14:27:04', '', null, '');
INSERT INTO `sys_menu` VALUES ('1028', '', '105', '3', '#', '', '1', '0', 'F', '0', '0', 'system:dict:edit', '#', 'admin', '2020-10-22 14:27:04', '', null, '');
INSERT INTO `sys_menu` VALUES ('1029', '', '105', '4', '#', '', '1', '0', 'F', '0', '0', 'system:dict:remove', '#', 'admin', '2020-10-22 14:27:04', '', null, '');
INSERT INTO `sys_menu` VALUES ('1030', '', '105', '5', '#', '', '1', '0', 'F', '0', '0', 'system:dict:export', '#', 'admin', '2020-10-22 14:27:04', '', null, '');
INSERT INTO `sys_menu` VALUES ('1031', '', '106', '1', '#', '', '1', '0', 'F', '0', '0', 'system:config:query', '#', 'admin', '2020-10-22 14:27:04', '', null, '');
INSERT INTO `sys_menu` VALUES ('1032', '', '106', '2', '#', '', '1', '0', 'F', '0', '0', 'system:config:add', '#', 'admin', '2020-10-22 14:27:04', '', null, '');
INSERT INTO `sys_menu` VALUES ('1033', '', '106', '3', '#', '', '1', '0', 'F', '0', '0', 'system:config:edit', '#', 'admin', '2020-10-22 14:27:04', '', null, '');
INSERT INTO `sys_menu` VALUES ('1034', '', '106', '4', '#', '', '1', '0', 'F', '0', '0', 'system:config:remove', '#', 'admin', '2020-10-22 14:27:04', '', null, '');
INSERT INTO `sys_menu` VALUES ('1035', '', '106', '5', '#', '', '1', '0', 'F', '0', '0', 'system:config:export', '#', 'admin', '2020-10-22 14:27:04', '', null, '');
INSERT INTO `sys_menu` VALUES ('1036', '', '107', '1', '#', '', '1', '0', 'F', '0', '0', 'system:notice:query', '#', 'admin', '2020-10-22 14:27:04', '', null, '');
INSERT INTO `sys_menu` VALUES ('1037', '', '107', '2', '#', '', '1', '0', 'F', '0', '0', 'system:notice:add', '#', 'admin', '2020-10-22 14:27:04', '', null, '');
INSERT INTO `sys_menu` VALUES ('1038', '', '107', '3', '#', '', '1', '0', 'F', '0', '0', 'system:notice:edit', '#', 'admin', '2020-10-22 14:27:04', '', null, '');
INSERT INTO `sys_menu` VALUES ('1039', '', '107', '4', '#', '', '1', '0', 'F', '0', '0', 'system:notice:remove', '#', 'admin', '2020-10-22 14:27:04', '', null, '');
INSERT INTO `sys_menu` VALUES ('1040', '', '500', '1', '#', '', '1', '0', 'F', '0', '0', 'monitor:operlog:query', '#', 'admin', '2020-10-22 14:27:04', '', null, '');
INSERT INTO `sys_menu` VALUES ('1041', '', '500', '2', '#', '', '1', '0', 'F', '0', '0', 'monitor:operlog:remove', '#', 'admin', '2020-10-22 14:27:04', '', null, '');
INSERT INTO `sys_menu` VALUES ('1042', '', '500', '4', '#', '', '1', '0', 'F', '0', '0', 'monitor:operlog:export', '#', 'admin', '2020-10-22 14:27:04', '', null, '');
INSERT INTO `sys_menu` VALUES ('1043', '', '501', '1', '#', '', '1', '0', 'F', '0', '0', 'monitor:logininfor:query', '#', 'admin', '2020-10-22 14:27:04', '', null, '');
INSERT INTO `sys_menu` VALUES ('1044', '', '501', '2', '#', '', '1', '0', 'F', '0', '0', 'monitor:logininfor:remove', '#', 'admin', '2020-10-22 14:27:04', '', null, '');
INSERT INTO `sys_menu` VALUES ('1045', '', '501', '3', '#', '', '1', '0', 'F', '0', '0', 'monitor:logininfor:export', '#', 'admin', '2020-10-22 14:27:04', '', null, '');
INSERT INTO `sys_menu` VALUES ('1046', '', '109', '1', '#', '', '1', '0', 'F', '0', '0', 'monitor:online:query', '#', 'admin', '2020-10-22 14:27:04', '', null, '');
INSERT INTO `sys_menu` VALUES ('1047', '', '109', '2', '#', '', '1', '0', 'F', '0', '0', 'monitor:online:batchLogout', '#', 'admin', '2020-10-22 14:27:04', '', null, '');
INSERT INTO `sys_menu` VALUES ('1048', '', '109', '3', '#', '', '1', '0', 'F', '0', '0', 'monitor:online:forceLogout', '#', 'admin', '2020-10-22 14:27:04', '', null, '');
INSERT INTO `sys_menu` VALUES ('1049', '', '110', '1', '#', '', '1', '0', 'F', '0', '0', 'monitor:job:query', '#', 'admin', '2020-10-22 14:27:04', '', null, '');
INSERT INTO `sys_menu` VALUES ('1050', '', '110', '2', '#', '', '1', '0', 'F', '0', '0', 'monitor:job:add', '#', 'admin', '2020-10-22 14:27:04', '', null, '');
INSERT INTO `sys_menu` VALUES ('1051', '', '110', '3', '#', '', '1', '0', 'F', '0', '0', 'monitor:job:edit', '#', 'admin', '2020-10-22 14:27:04', '', null, '');
INSERT INTO `sys_menu` VALUES ('1052', '', '110', '4', '#', '', '1', '0', 'F', '0', '0', 'monitor:job:remove', '#', 'admin', '2020-10-22 14:27:04', '', null, '');
INSERT INTO `sys_menu` VALUES ('1053', '', '110', '5', '#', '', '1', '0', 'F', '0', '0', 'monitor:job:changeStatus', '#', 'admin', '2020-10-22 14:27:04', '', null, '');
INSERT INTO `sys_menu` VALUES ('1054', '', '110', '7', '#', '', '1', '0', 'F', '0', '0', 'monitor:job:export', '#', 'admin', '2020-10-22 14:27:04', '', null, '');
INSERT INTO `sys_menu` VALUES ('1055', '', '114', '1', '#', '', '1', '0', 'F', '0', '0', 'tool:gen:query', '#', 'admin', '2020-10-22 14:27:04', '', null, '');
INSERT INTO `sys_menu` VALUES ('1056', '', '114', '2', '#', '', '1', '0', 'F', '0', '0', 'tool:gen:edit', '#', 'admin', '2020-10-22 14:27:04', '', null, '');
INSERT INTO `sys_menu` VALUES ('1057', '', '114', '3', '#', '', '1', '0', 'F', '0', '0', 'tool:gen:remove', '#', 'admin', '2020-10-22 14:27:04', '', null, '');
INSERT INTO `sys_menu` VALUES ('1058', '', '114', '2', '#', '', '1', '0', 'F', '0', '0', 'tool:gen:import', '#', 'admin', '2020-10-22 14:27:04', '', null, '');
INSERT INTO `sys_menu` VALUES ('1059', '', '114', '4', '#', '', '1', '0', 'F', '0', '0', 'tool:gen:preview', '#', 'admin', '2020-10-22 14:27:04', '', null, '');
INSERT INTO `sys_menu` VALUES ('1060', '', '114', '5', '#', '', '1', '0', 'F', '0', '0', 'tool:gen:code', '#', 'admin', '2020-10-22 14:27:04', '', null, '');
INSERT INTO `sys_menu` VALUES ('1901', '', '5', '1', 'definition', 'activiti/definition/index', '1', '0', 'C', '0', '0', 'activiti:modeler', '#', 'admin', '2020-09-14 23:09:31', '', null, '');
INSERT INTO `sys_menu` VALUES ('2000', '', '2008', '1', 'leave', 'workflow/leave/index', '1', '0', 'C', '0', '0', 'workflow:leave:list', '#', 'admin', '2020-10-28 22:30:57', 'admin', '2020-11-10 22:15:13', '');
INSERT INTO `sys_menu` VALUES ('2001', '', '2000', '1', '#', '', '1', '0', 'F', '0', '0', 'workflow:leave:query', '#', 'admin', '2020-10-28 22:30:57', '', null, '');
INSERT INTO `sys_menu` VALUES ('2002', '', '2000', '2', '#', '', '1', '0', 'F', '0', '0', 'workflow:leave:add', '#', 'admin', '2020-10-28 22:30:57', '', null, '');
INSERT INTO `sys_menu` VALUES ('2003', '', '2000', '3', '#', '', '1', '0', 'F', '0', '0', 'workflow:leave:edit', '#', 'admin', '2020-10-28 22:30:57', '', null, '');
INSERT INTO `sys_menu` VALUES ('2004', '', '2000', '4', '#', '', '1', '0', 'F', '0', '0', 'workflow:leave:remove', '#', 'admin', '2020-10-28 22:30:57', '', null, '');
INSERT INTO `sys_menu` VALUES ('2005', '', '2000', '5', '#', '', '1', '0', 'F', '0', '0', 'workflow:leave:export', '#', 'admin', '2020-10-28 22:30:57', '', null, '');
INSERT INTO `sys_menu` VALUES ('2006', '', '0', '6', 'task', null, '1', '0', 'M', '0', '0', '', 'excel', 'admin', '2020-11-04 10:53:24', 'admin', '2020-11-10 22:26:46', '');
INSERT INTO `sys_menu` VALUES ('2007', '', '2006', '1', 'task', 'activiti/task', '1', '0', 'C', '0', '0', '', '#', 'admin', '2020-11-04 10:54:28', 'admin', '2020-11-04 10:55:06', '');
INSERT INTO `sys_menu` VALUES ('2008', 'OA', '0', '5', 'OA', null, '1', '0', 'M', '0', '0', '', 'guide', 'admin', '2020-11-10 22:13:34', 'admin', '2020-11-10 22:15:29', '');
INSERT INTO `sys_menu` VALUES ('2009', '', '0', '7', 'open', null, '1', '0', 'M', '0', '0', null, 'eye-open', 'admin', '2020-11-10 22:17:36', '', null, '');
INSERT INTO `sys_menu` VALUES ('2010', '', '2009', '1', 'leaveAll', 'workflow/leave/leaveAll', '1', '0', 'C', '0', '0', 'workflow:leave:list', '#', 'admin', '2020-10-28 22:30:57', 'admin', '2020-11-10 22:45:16', '');
INSERT INTO `sys_menu` VALUES ('2011', '', '2012', '1', 'upload', 'file/upload.vue', '1', '0', 'C', '0', '0', '', 'upload', 'admin', '2020-12-12 10:38:52', 'admin', '2020-12-12 10:50:21', '');
INSERT INTO `sys_menu` VALUES ('2012', '', '0', '1', 'file', null, '1', '0', 'M', '0', '0', null, 'build', 'admin', '2020-12-12 10:48:28', '', null, '');
INSERT INTO `sys_menu` VALUES ('2013', '', '2012', '1', 'file', 'file/download.vue', '1', '0', 'C', '0', '0', '', 'download', 'admin', '2020-12-12 10:59:50', 'admin', '2020-12-12 11:00:27', '');
INSERT INTO `sys_menu` VALUES ('2014', '', '3', '1', 'info', 'system/info/index', '1', '0', 'C', '0', '0', 'system:info:list', '#', 'admin', '2020-12-12 11:02:33', '', null, '');
INSERT INTO `sys_menu` VALUES ('2015', '', '2014', '1', '#', '', '1', '0', 'F', '0', '0', 'system:info:query', '#', 'admin', '2020-12-12 11:02:33', '', null, '');
INSERT INTO `sys_menu` VALUES ('2016', '', '2014', '2', '#', '', '1', '0', 'F', '0', '0', 'system:info:add', '#', 'admin', '2020-12-12 11:02:33', '', null, '');
INSERT INTO `sys_menu` VALUES ('2017', '', '2014', '3', '#', '', '1', '0', 'F', '0', '0', 'system:info:edit', '#', 'admin', '2020-12-12 11:02:33', '', null, '');
INSERT INTO `sys_menu` VALUES ('2018', '', '2014', '4', '#', '', '1', '0', 'F', '0', '0', 'system:info:remove', '#', 'admin', '2020-12-12 11:02:33', '', null, '');
INSERT INTO `sys_menu` VALUES ('2019', '', '2014', '5', '#', '', '1', '0', 'F', '0', '0', 'system:info:export', '#', 'admin', '2020-12-12 11:02:33', '', null, '');
INSERT INTO `sys_menu` VALUES ('2020', '', '3', '1', 'info', 'system/info/index', '1', '0', 'C', '0', '0', 'system:info:list', '#', 'admin', '2020-12-12 11:02:38', '', null, '');
INSERT INTO `sys_menu` VALUES ('2021', '', '2020', '1', '#', '', '1', '0', 'F', '0', '0', 'system:info:query', '#', 'admin', '2020-12-12 11:02:38', '', null, '');
INSERT INTO `sys_menu` VALUES ('2022', '', '2020', '2', '#', '', '1', '0', 'F', '0', '0', 'system:info:add', '#', 'admin', '2020-12-12 11:02:38', '', null, '');
INSERT INTO `sys_menu` VALUES ('2023', '', '2020', '3', '#', '', '1', '0', 'F', '0', '0', 'system:info:edit', '#', 'admin', '2020-12-12 11:02:38', '', null, '');
INSERT INTO `sys_menu` VALUES ('2024', '', '2020', '4', '#', '', '1', '0', 'F', '0', '0', 'system:info:remove', '#', 'admin', '2020-12-12 11:02:38', '', null, '');
INSERT INTO `sys_menu` VALUES ('2025', '', '2020', '5', '#', '', '1', '0', 'F', '0', '0', 'system:info:export', '#', 'admin', '2020-12-12 11:02:38', '', null, '');
INSERT INTO `sys_menu` VALUES ('2026', '', '0', '1', 'info', 'system/info/index', '1', '0', 'C', '0', '0', 'system:info:list', 'clipboard', 'admin', '2021-03-16 17:27:40', 'admin', '2021-03-29 14:27:49', '');
INSERT INTO `sys_menu` VALUES ('2027', '', '2008', '2', 'requirement', 'workflow/requirement/index', '1', '0', 'C', '0', '0', 'workflow:requirement:index', '#', 'admin', '2021-03-16 17:31:19', 'admin', '2021-03-16 17:32:24', '');
INSERT INTO `sys_menu` VALUES ('2028', '', '2027', '1', '', null, '1', '0', 'F', '0', '0', 'workflow:requirement:query', '#', 'admin', '2021-03-16 17:49:00', '', '2021-04-09 10:52:23', '');
INSERT INTO `sys_menu` VALUES ('2029', '', '2027', '2', '', '', '1', '0', 'F', '0', '0', 'workflow:requirement:add', '#', 'admin', '2021-03-16 17:51:20', '', '2021-04-09 10:52:21', '');
INSERT INTO `sys_menu` VALUES ('2030', '', '2027', '3', '', null, '1', '0', 'F', '0', '0', 'workflow:requirement:edit', '#', 'admin', '2021-03-16 17:51:53', '', null, '');
INSERT INTO `sys_menu` VALUES ('2031', '', '2027', '4', '', null, '1', '0', 'F', '0', '0', 'workflow:requirement:remove', '#', 'admin', '2021-03-16 17:53:00', '', null, '');
INSERT INTO `sys_menu` VALUES ('2032', '', '2027', '5', '', null, '1', '0', 'F', '0', '0', 'workflow:requirement:export', '#', 'admin', '2021-03-16 17:54:17', '', null, '');
INSERT INTO `sys_menu` VALUES ('2033', '', '0', '1', 'standard', 'system/standard/index', '1', '0', 'C', '0', '0', 'system:standard:list', 'list', 'admin', '2021-03-19 10:29:07', 'admin', '2021-03-29 14:27:06', '');
INSERT INTO `sys_menu` VALUES ('2034', '', '0', '1', 'toolswarehouse', 'system/toolswarehouse/index', '1', '0', 'C', '0', '0', 'system:toolswarehouse:list', 'tool', 'admin', '2021-03-25 17:19:22', 'admin', '2021-03-29 13:16:44', '');
INSERT INTO `sys_menu` VALUES ('2035', '', '0', '1', 'productwarehouse', 'system/productwarehouse/index', '1', '0', 'C', '0', '0', 'system:productwarehouse:list', 'clipboard', 'admin', '2021-03-29 14:30:17', 'admin', '2021-03-29 14:31:30', '');
INSERT INTO `sys_menu` VALUES ('2036', '', '2008', '3', 'enforce', 'workflow/enforce/index', '1', '0', 'C', '0', '0', 'workflow:enforce:index', '#', 'admin', '2021-03-16 17:31:19', 'admin', '2021-04-09 11:03:47', '');
INSERT INTO `sys_menu` VALUES ('2037', '', '2036', '1', '', '', '1', '0', 'F', '0', '0', 'workflow:enforce:query', '#', 'admin', '2021-04-02 11:45:26', 'admin', '2021-04-09 11:04:03', '');
INSERT INTO `sys_menu` VALUES ('2040', '', '2036', '2', '', '', '1', '0', 'F', '0', '0', 'workflow:enforce:add', '#', 'admin', '2021-04-07 16:35:29', '', '2021-04-07 16:35:41', '');
INSERT INTO `sys_menu` VALUES ('2041', '', '2036', '3', '', '', '1', '0', 'F', '0', '0', 'workflow:enforce:edit', '#', 'admin', '2021-03-16 17:51:53', '', '2021-04-07 16:36:35', '');
INSERT INTO `sys_menu` VALUES ('2042', '', '2036', '4', '', '', '1', '0', 'F', '0', '0', 'workflow:enforce:remove', '#', 'admin', '2021-03-16 17:53:00', '', '2021-04-07 16:37:14', '');
INSERT INTO `sys_menu` VALUES ('2043', '', '2036', '5', '', '', '1', '0', 'F', '0', '0', 'workflow:enforce:export', '#', 'admin', '2021-03-16 17:54:17', '', '2021-04-07 16:37:45', '');
INSERT INTO `sys_menu` VALUES ('2044', '', '2008', '4', 'summarize', 'workflow/summarize/index', '1', '0', 'C', '0', '0', 'workflow:summarize:index', '#', 'admin', '2021-03-16 17:31:19', 'admin', '2021-04-09 11:03:56', '');
INSERT INTO `sys_menu` VALUES ('2045', '', '2044', '1', '', '', '1', '0', 'F', '0', '0', 'workflow:summarize:query', '#', 'admin', '2021-04-02 11:45:26', '', '2021-04-02 11:45:41', '');
INSERT INTO `sys_menu` VALUES ('2046', '', '2044', '2', '', '', '1', '0', 'F', '0', '0', 'workflow:summarize:add', '#', 'admin', '2021-04-07 16:35:29', '', '2021-04-07 16:35:41', '');
INSERT INTO `sys_menu` VALUES ('2047', '', '2044', '3', '', '', '1', '0', 'F', '0', '0', 'workflow:summarize:edit', '#', 'admin', '2021-03-16 17:51:53', '', '2021-04-07 16:36:35', '');
INSERT INTO `sys_menu` VALUES ('2048', '', '2044', '4', '', '', '1', '0', 'F', '0', '0', 'workflow:summarize:remove', '#', 'admin', '2021-03-16 17:53:00', '', '2021-04-07 16:37:14', '');
INSERT INTO `sys_menu` VALUES ('2049', '', '2044', '5', '', '', '1', '0', 'F', '0', '0', 'workflow:summarize:export', '#', 'admin', '2021-03-16 17:54:17', '', '2021-04-07 16:37:45', '');
INSERT INTO `sys_menu` VALUES ('2050', '', '2008', '5', 'firstcheck', 'workflow/firstcheck/index', '1', '0', 'C', '0', '0', 'workflow:firstcheck:index', '#', 'admin', '2021-03-16 17:31:19', 'admin', '2021-03-16 17:32:24', '');
INSERT INTO `sys_menu` VALUES ('2051', '', '2050', '1', '', '', '1', '0', 'F', '0', '0', 'workflow:firstcheck:query', '#', 'admin', '2021-04-02 11:45:26', '', '2021-04-02 11:45:41', '');
INSERT INTO `sys_menu` VALUES ('2052', '', '2050', '2', '', '', '1', '0', 'F', '0', '0', 'workflow:firstcheck:add', '#', 'admin', '2021-04-07 16:35:29', '', '2021-04-07 16:35:41', '');
INSERT INTO `sys_menu` VALUES ('2053', '', '2050', '3', '', '', '1', '0', 'F', '0', '0', 'workflow:firstcheck:edit', '#', 'admin', '2021-03-16 17:51:53', '', '2021-04-07 16:36:35', '');
INSERT INTO `sys_menu` VALUES ('2054', '', '2050', '4', '', '', '1', '0', 'F', '0', '0', 'workflow:firstcheck:remove', '#', 'admin', '2021-03-16 17:53:00', '', '2021-04-07 16:37:14', '');
INSERT INTO `sys_menu` VALUES ('2055', '', '2050', '5', '', '', '1', '0', 'F', '0', '0', 'workflow:firstcheck:export', '#', 'admin', '2021-03-16 17:54:17', '', '2021-04-07 16:37:45', '');
INSERT INTO `sys_menu` VALUES ('2056', '', '2008', '6', 'trialrun', 'workflow/trialrun/index', '1', '0', 'C', '0', '0', 'workflow:trialrun:index', '#', 'admin', '2021-03-16 17:31:19', 'admin', '2021-03-16 17:32:24', '');
INSERT INTO `sys_menu` VALUES ('2057', '', '2056', '1', '', '', '1', '0', 'F', '0', '0', 'workflow:trialrun:query', '#', 'admin', '2021-04-02 11:45:26', '', '2021-04-02 11:45:41', '');
INSERT INTO `sys_menu` VALUES ('2058', '', '2056', '2', '', '', '1', '0', 'F', '0', '0', 'workflow:trialrun:add', '#', 'admin', '2021-04-07 16:35:29', '', '2021-04-07 16:35:41', '');
INSERT INTO `sys_menu` VALUES ('2059', '', '2056', '3', '', '', '1', '0', 'F', '0', '0', 'workflow:trialrun:edit', '#', 'admin', '2021-03-16 17:51:53', '', '2021-04-07 16:36:35', '');
INSERT INTO `sys_menu` VALUES ('2060', '', '2056', '4', '', '', '1', '0', 'F', '0', '0', 'workflow:trialrun:remove', '#', 'admin', '2021-03-16 17:53:00', '', '2021-04-07 16:37:14', '');
INSERT INTO `sys_menu` VALUES ('2061', '', '2056', '5', '', '', '1', '0', 'F', '0', '0', 'workflow:trialrun:export', '#', 'admin', '2021-03-16 17:54:17', '', '2021-04-07 16:37:45', '');
INSERT INTO `sys_menu` VALUES ('2062', '', '2008', '7', 'finalinspection', 'workflow/finalinspection/index', '1', '0', 'C', '0', '0', 'workflow:finalinspection:index', '#', 'admin', '2021-03-16 17:31:19', 'admin', '2021-03-16 17:32:24', '');
INSERT INTO `sys_menu` VALUES ('2063', '', '2062', '1', '', '', '1', '0', 'F', '0', '0', 'workflow:finalinspection:query', '#', 'admin', '2021-04-02 11:45:26', '', '2021-04-02 11:45:41', '');
INSERT INTO `sys_menu` VALUES ('2064', '', '2062', '2', '', '', '1', '0', 'F', '0', '0', 'workflow:finalinspection:add', '#', 'admin', '2021-04-07 16:35:29', '', '2021-04-07 16:35:41', '');
INSERT INTO `sys_menu` VALUES ('2065', '', '2062', '3', '', '', '1', '0', 'F', '0', '0', 'workflow:finalinspection:edit', '#', 'admin', '2021-03-16 17:51:53', '', '2021-04-07 16:36:35', '');
INSERT INTO `sys_menu` VALUES ('2066', '', '2062', '4', '', '', '1', '0', 'F', '0', '0', 'workflow:finalinspection:remove', '#', 'admin', '2021-03-16 17:53:00', '', '2021-04-07 16:37:14', '');
INSERT INTO `sys_menu` VALUES ('2067', '', '2062', '5', '', '', '1', '0', 'F', '0', '0', 'workflow:finalinspection:export', '#', 'admin', '2021-03-16 17:54:17', '', '2021-04-07 16:37:45', '');

-- ----------------------------
-- Table structure for sys_notice
-- ----------------------------
DROP TABLE IF EXISTS `sys_notice`;
CREATE TABLE `sys_notice` (
  `notice_id` int(4) NOT NULL AUTO_INCREMENT COMMENT 'ID',
  `notice_title` varchar(50) NOT NULL COMMENT '',
  `notice_type` char(1) NOT NULL COMMENT '1 2',
  `notice_content` longblob COMMENT '',
  `status` char(1) DEFAULT '0' COMMENT '0 1',
  `create_by` varchar(64) DEFAULT '' COMMENT '',
  `create_time` datetime DEFAULT NULL COMMENT '',
  `update_by` varchar(64) DEFAULT '' COMMENT '',
  `update_time` datetime DEFAULT NULL COMMENT '',
  `remark` varchar(255) DEFAULT NULL COMMENT '',
  PRIMARY KEY (`notice_id`) USING BTREE
) ENGINE=InnoDB AUTO_INCREMENT=3 DEFAULT CHARSET=utf8 ROW_FORMAT=DYNAMIC COMMENT='';

-- ----------------------------
-- Records of sys_notice
-- ----------------------------
INSERT INTO `sys_notice` VALUES ('1', '2018-07-01 ', '2', 0xE696B0E78988E69CACE58685E5AEB9, '0', 'admin', '2020-10-22 14:27:04', '', null, '');
INSERT INTO `sys_notice` VALUES ('2', '2018-07-01 ', '1', 0xE7BBB4E68AA4E58685E5AEB9, '0', 'admin', '2020-10-22 14:27:04', '', null, '');

-- ----------------------------
-- Table structure for sys_oper_log
-- ----------------------------
DROP TABLE IF EXISTS `sys_oper_log`;
CREATE TABLE `sys_oper_log` (
  `oper_id` bigint(20) NOT NULL AUTO_INCREMENT COMMENT '',
  `title` varchar(50) DEFAULT '' COMMENT '',
  `business_type` int(2) DEFAULT '0' COMMENT '0 1 2 3',
  `method` varchar(100) DEFAULT '' COMMENT '',
  `request_method` varchar(10) DEFAULT '' COMMENT '',
  `operator_type` int(1) DEFAULT '0' COMMENT '0 1 2',
  `oper_name` varchar(50) DEFAULT '' COMMENT '',
  `dept_name` varchar(50) DEFAULT '' COMMENT '',
  `oper_url` varchar(255) DEFAULT '' COMMENT 'URL',
  `oper_ip` varchar(50) DEFAULT '' COMMENT '',
  `oper_location` varchar(255) DEFAULT '' COMMENT '',
  `oper_param` varchar(2000) DEFAULT '' COMMENT '',
  `json_result` varchar(2000) DEFAULT '' COMMENT '',
  `status` int(1) DEFAULT '0' COMMENT '0 1',
  `error_msg` varchar(2000) DEFAULT '' COMMENT '',
  `oper_time` datetime DEFAULT NULL COMMENT '',
  PRIMARY KEY (`oper_id`) USING BTREE
) ENGINE=InnoDB AUTO_INCREMENT=355 DEFAULT CHARSET=utf8 ROW_FORMAT=DYNAMIC COMMENT='';

-- ----------------------------
-- Records of sys_oper_log
-- ----------------------------
INSERT INTO `sys_oper_log` VALUES ('224', '', '1', 'com.ruoyi.leave.controller.WorkflowLeaveController.add()', 'POST', '1', 'zhugeliang', null, '/workflow/leave', '127.0.0.1', 'IP', '{\"reason\":\"asa\",\"leaveStartTime\":1606838400000,\"params\":{},\"title\":\"\",\"type\":\"\",\"createTime\":1607650216359,\"id\":\"e8136bdb-c438-4df8-955f-2040e052bffc\",\"leaveEndTime\":1607443200000}', 'null', '1', 'no deployed process definition found with id \'leave\'', '2020-12-11 09:30:16');
INSERT INTO `sys_oper_log` VALUES ('225', '', '1', 'com.ruoyi.leave.controller.WorkflowLeaveController.add()', 'POST', '1', 'zhugeliang', null, '/workflow/leave', '127.0.0.1', 'IP', '{\"reason\":\"asa\",\"leaveStartTime\":1606838400000,\"params\":{},\"title\":\"\",\"type\":\"\",\"createTime\":1607650224388,\"id\":\"515c5223-3d40-461e-bebe-b35794df99b9\",\"leaveEndTime\":1607616000000}', 'null', '1', 'no deployed process definition found with id \'leave\'', '2020-12-11 09:30:24');
INSERT INTO `sys_oper_log` VALUES ('226', '', '1', 'com.ruoyi.leave.controller.WorkflowLeaveController.add()', 'POST', '1', 'zhugeliang', null, '/workflow/leave', '127.0.0.1', 'IP', '{\"reason\":\"asa\",\"leaveStartTime\":1606838400000,\"params\":{},\"title\":\"\",\"type\":\"\",\"createTime\":1607650901092,\"id\":\"907d5d3e-4960-4415-84d2-30288e18fa7c\",\"leaveEndTime\":1607616000000}', 'null', '1', 'no deployed process definition found with id \'leave\'', '2020-12-11 09:41:41');
INSERT INTO `sys_oper_log` VALUES ('227', '', '1', 'com.ruoyi.leave.controller.WorkflowLeaveController.add()', 'POST', '1', 'zhugeliang', null, '/workflow/leave', '127.0.0.1', 'IP', '{\"reason\":\"sa\",\"leaveStartTime\":1607616000000,\"params\":{},\"title\":\"\",\"type\":\"\",\"createTime\":1607650932692,\"id\":\"68d2c2f0-4c4a-4060-b9b8-44e718639f08\",\"leaveEndTime\":1607788800000}', 'null', '1', 'no deployed process definition found with id \'leave\'', '2020-12-11 09:42:12');
INSERT INTO `sys_oper_log` VALUES ('228', '', '1', 'com.ruoyi.leave.controller.WorkflowLeaveController.add()', 'POST', '1', 'zhugeliang', null, '/workflow/leave', '127.0.0.1', 'IP', '{\"reason\":\"as\",\"leaveStartTime\":1606838400000,\"params\":{},\"title\":\"\",\"type\":\"\",\"createTime\":1607651377915,\"id\":\"78687d55-9a81-4190-85e9-7326ef410a65\",\"leaveEndTime\":1608134400000}', 'null', '1', 'no deployed process definition found with id \'leave\'', '2020-12-11 09:49:37');
INSERT INTO `sys_oper_log` VALUES ('229', '', '1', 'com.ruoyi.leave.controller.WorkflowLeaveController.add()', 'POST', '1', 'zhugeliang', null, '/workflow/leave', '127.0.0.1', 'IP', '{\"reason\":\"as\",\"leaveStartTime\":1606838400000,\"params\":{},\"title\":\"\",\"type\":\"\",\"createTime\":1607651396362,\"id\":\"a8699f7a-3ab4-445e-a9b0-f330af98f776\",\"leaveEndTime\":1608134400000}', 'null', '1', 'no deployed process definition found with id \'leave\'', '2020-12-11 09:49:56');
INSERT INTO `sys_oper_log` VALUES ('230', '', '2', 'com.ruoyi.activiti.controller.ProcessDefinitionController.suspendOrActiveApply()', 'POST', '1', null, null, '/processDefinition/suspendOrActiveApply', '127.0.0.1', 'IP', '{\"suspendState\":1,\"params\":{},\"version\":0,\"id\":\"Process_1:2:c8f3e9f8-3b51-11eb-87c7-5aa02364495c\"}', '{\"msg\":\"\",\"code\":200}', '0', null, '2020-12-11 10:29:33');
INSERT INTO `sys_oper_log` VALUES ('231', '', '1', 'com.ruoyi.leave.controller.WorkflowLeaveController.add()', 'POST', '1', 'zhugeliang', null, '/workflow/leave', '127.0.0.1', 'IP', '{\"reason\":\"ss\",\"leaveStartTime\":1607616000000,\"params\":{},\"title\":\"\",\"type\":\"\",\"createTime\":1607655135710,\"id\":\"ae1a06cb-385f-49a6-9a1e-e2e83626726c\",\"leaveEndTime\":1607961600000}', 'null', '1', 'no deployed process definition found with id \'leave\'', '2020-12-11 10:52:15');
INSERT INTO `sys_oper_log` VALUES ('232', '', '1', 'com.ruoyi.leave.controller.WorkflowLeaveController.add()', 'POST', '1', 'zhugeliang', null, '/workflow/leave', '127.0.0.1', 'IP', '{\"reason\":\"sds\",\"leaveStartTime\":1607616000000,\"params\":{},\"title\":\"\",\"type\":\"\",\"createTime\":1607655391297,\"id\":\"d8fa4795-5c7b-4959-b052-d8f41894f53b\",\"leaveEndTime\":1608048000000}', 'null', '1', 'no deployed process definition found with id \'leave\'', '2020-12-11 10:56:31');
INSERT INTO `sys_oper_log` VALUES ('233', '', '1', 'com.ruoyi.leave.controller.WorkflowLeaveController.add()', 'POST', '1', 'zhugeliang', null, '/workflow/leave', '127.0.0.1', 'IP', '{\"reason\":\"sds\",\"leaveStartTime\":1607616000000,\"params\":{},\"title\":\"\",\"type\":\"\",\"createTime\":1607655834061,\"id\":\"650dd8de-7834-4310-b826-ad41608810d8\",\"leaveEndTime\":1608048000000}', 'null', '1', 'no deployed process definition found with id \'leave\'', '2020-12-11 11:11:45');
INSERT INTO `sys_oper_log` VALUES ('234', '', '1', 'com.ruoyi.leave.controller.WorkflowLeaveController.add()', 'POST', '1', 'zhugeliang', null, '/workflow/leave', '127.0.0.1', 'IP', '{\"reason\":\"sa\",\"leaveStartTime\":1608739200000,\"params\":{},\"title\":\"\",\"type\":\"\",\"createTime\":1607656937848,\"id\":\"ffecabfc-afdb-4a93-8a6c-1471e294943d\",\"leaveEndTime\":1608825600000}', 'null', '1', 'no deployed process definition found with id \'leave\'', '2020-12-11 11:30:36');
INSERT INTO `sys_oper_log` VALUES ('235', '', '1', 'com.ruoyi.leave.controller.WorkflowLeaveController.add()', 'POST', '1', 'zhugeliang', null, '/workflow/leave', '127.0.0.1', 'IP', '{\"reason\":\"sa\",\"leaveStartTime\":1608739200000,\"params\":{},\"title\":\"\",\"type\":\"\",\"createTime\":1607657496422,\"id\":\"6fa7bbbe-a604-41fc-806b-cc050fe4f5fd\",\"leaveEndTime\":1608825600000}', 'null', '1', 'no deployed process definition found with id \'leave\'', '2020-12-11 11:31:39');
INSERT INTO `sys_oper_log` VALUES ('236', '', '1', 'com.ruoyi.leave.controller.WorkflowLeaveController.add()', 'POST', '1', 'zhugeliang', null, '/workflow/leave', '127.0.0.1', 'IP', '{\"reason\":\"as\",\"leaveStartTime\":1607616000000,\"params\":{},\"title\":\"\",\"type\":\"\",\"createTime\":1607658139152,\"id\":\"c935118d-a7f0-49e6-9d86-784d9a16bcb9\",\"leaveEndTime\":1607875200000}', 'null', '1', 'no deployed process definition found with id \'leave\'', '2020-12-11 11:42:19');
INSERT INTO `sys_oper_log` VALUES ('237', '', '2', 'com.ruoyi.web.controller.system.SysProfileController.avatar()', 'POST', '1', null, null, '/system/user/profile/avatar', '127.0.0.1', 'IP', '', 'null', '1', '', '2020-12-11 16:05:40');
INSERT INTO `sys_oper_log` VALUES ('238', '', '2', 'com.ruoyi.web.controller.system.SysProfileController.avatar()', 'POST', '1', null, null, '/system/user/profile/avatar', '127.0.0.1', 'IP', '', 'null', '1', '', '2020-12-11 16:05:42');
INSERT INTO `sys_oper_log` VALUES ('239', '', '2', 'com.ruoyi.web.controller.system.SysProfileController.avatar()', 'POST', '1', null, null, '/system/user/profile/avatar', '127.0.0.1', 'IP', '', 'null', '1', '', '2020-12-11 16:05:47');
INSERT INTO `sys_oper_log` VALUES ('240', '', '2', 'com.ruoyi.web.controller.system.SysProfileController.avatar()', 'POST', '1', 'admin', null, '/system/user/profile/avatar', '127.0.0.1', 'IP', '', '{\"msg\":\"\",\"imgUrl\":\"/profile/avatar/2020/12/11/f0ff5668-1d10-4131-b00d-770b3def406d.jpeg\",\"code\":200}', '0', null, '2020-12-11 16:07:35');
INSERT INTO `sys_oper_log` VALUES ('241', '', '2', 'com.ruoyi.web.controller.system.SysProfileController.avatar()', 'POST', '1', 'admin', null, '/system/user/profile/avatar', '127.0.0.1', 'IP', '', '{\"msg\":\"\",\"imgUrl\":\"/profile/avatar/2020/12/11/69701d87-f1b7-4861-a600-42df6fd4aa14.jpeg\",\"code\":200}', '0', null, '2020-12-11 16:07:58');
INSERT INTO `sys_oper_log` VALUES ('242', '', '2', 'com.ruoyi.web.controller.system.SysProfileController.avatar()', 'POST', '1', 'admin', null, '/system/user/profile/avatar', '127.0.0.1', 'IP', '', '{\"msg\":\"\",\"imgUrl\":\"/profile/avatar/2020/12/11/0486cd9d-3c14-4f48-a354-391d17da0889.jpeg\",\"code\":200}', '0', null, '2020-12-11 16:09:06');
INSERT INTO `sys_oper_log` VALUES ('243', '', '2', 'com.ruoyi.web.controller.system.SysRoleController.edit()', 'PUT', '1', 'admin', null, '/system/role', '127.0.0.1', 'IP', '{\"flag\":false,\"roleId\":1,\"admin\":true,\"remark\":\"\",\"dataScope\":\"1\",\"delFlag\":\"0\",\"params\":{},\"roleSort\":\"1\",\"deptCheckStrictly\":true,\"createTime\":1603348024000,\"menuCheckStrictly\":true,\"roleKey\":\"admin\",\"roleName\":\"\",\"menuIds\":[1,100,1001,1002,1003,1004,1005,1006,1007,101,1008,1009,1010,1011,1012,102,1013,1014,1015,1016,103,1017,1018,1019,1020,104,1021,1022,1023,1024,1025,105,1026,1027,1028,1029,1030,106,1031,1032,1033,1034,1035,107,1036,1037,1038,1039,108,500,1040,1041,1042,501,1043,1044,1045,2,109,1046,1047,1048,110,1049,1050,1051,1052,1053,1054,111,112,3,113,114,1055,1056,1058,1057,1059,1060,115,4,5,1901,2008,2000,2001,2002,2003,2004,2005,2006,2007,2009,2010],\"status\":\"0\"}', 'null', '1', '', '2020-12-11 17:03:47');
INSERT INTO `sys_oper_log` VALUES ('244', '', '1', 'com.ruoyi.web.controller.system.SysRoleController.add()', 'POST', '1', 'admin', null, '/system/role', '127.0.0.1', 'IP', '{\"flag\":false,\"admin\":false,\"params\":{},\"roleSort\":\"1\",\"deptCheckStrictly\":true,\"menuCheckStrictly\":true,\"roleKey\":\"admin\",\"roleName\":\"\",\"deptIds\":[],\"menuIds\":[1,100,1001,1002,1003,1004,1005,1006,1007,101,1008,1009,1010,1011,1012,102,1013,1014,1015,1016,103,1017,1018,1019,1020,104,1021,1022,1023,1024,1025,105,1026,1027,1028,1029,1030,106,1031,1032,1033,1034,1035,107,1036,1037,1038,1039,108,500,1040,1041,1042,501,1043,1044,1045,2,109,1046,1047,1048,110,1049,1050,1051,1052,1053,1054,111,112,3,113,114,1055,1056,1058,1057,1059,1060,115,4,5,1901,2008,2000,2001,2002,2003,2004,2005,2006,2007,2009,2010],\"status\":\"0\"}', '{\"msg\":\"\'\'\",\"code\":500}', '0', null, '2020-12-11 17:04:28');
INSERT INTO `sys_oper_log` VALUES ('245', '', '1', 'com.ruoyi.web.controller.system.SysRoleController.add()', 'POST', '1', 'admin', null, '/system/role', '127.0.0.1', 'IP', '{\"flag\":false,\"roleId\":101,\"admin\":false,\"params\":{},\"roleSort\":\"1\",\"deptCheckStrictly\":true,\"createBy\":\"admin\",\"menuCheckStrictly\":true,\"roleKey\":\"ceshi admin\",\"roleName\":\"\",\"deptIds\":[],\"menuIds\":[1,100,1001,1002,1003,1004,1005,1006,1007,101,1008,1009,1010,1011,1012,102,1013,1014,1015,1016,103,1017,1018,1019,1020,104,1021,1022,1023,1024,1025,105,1026,1027,1028,1029,1030,106,1031,1032,1033,1034,1035,107,1036,1037,1038,1039,108,500,1040,1041,1042,501,1043,1044,1045,2,109,1046,1047,1048,110,1049,1050,1051,1052,1053,1054,111,112,3,113,114,1055,1056,1058,1057,1059,1060,115,4,5,1901,2008,2000,2001,2002,2003,2004,2005,2006,2007,2009,2010],\"status\":\"0\"}', '{\"msg\":\"\",\"code\":200}', '0', null, '2020-12-11 17:04:38');
INSERT INTO `sys_oper_log` VALUES ('246', '', '5', 'com.ruoyi.leave.controller.WorkflowLeaveController.export()', 'GET', '1', 'admin', null, '/workflow/leave/export', '127.0.0.1', 'IP', '{}', '{\"msg\":\"26398c0d-a17a-4baa-a61a-9aca463efa5d_leave.xlsx\",\"code\":200}', '0', null, '2020-12-11 17:05:25');
INSERT INTO `sys_oper_log` VALUES ('247', '', '3', 'com.ruoyi.activiti.controller.ProcessDefinitionController.delDefinition()', 'DELETE', '1', 'admin', null, '/processDefinition/remove/c7078343-3b51-11eb-87c7-5aa02364495c', '127.0.0.1', 'IP', '{deploymentId=c7078343-3b51-11eb-87c7-5aa02364495c}', '{\"msg\":\"\",\"code\":200}', '0', null, '2020-12-11 17:16:46');
INSERT INTO `sys_oper_log` VALUES ('248', '', '3', 'com.ruoyi.activiti.controller.ProcessDefinitionController.delDefinition()', 'DELETE', '1', 'admin', null, '/processDefinition/remove/c8f12ad6-3b51-11eb-87c7-5aa02364495c', '127.0.0.1', 'IP', '{deploymentId=c8f12ad6-3b51-11eb-87c7-5aa02364495c}', '{\"msg\":\"\",\"code\":200}', '0', null, '2020-12-11 17:16:49');
INSERT INTO `sys_oper_log` VALUES ('249', '', '3', 'com.ruoyi.activiti.controller.ProcessDefinitionController.delDefinition()', 'DELETE', '1', 'admin', null, '/processDefinition/remove/d91523c4-3b91-11eb-9492-5aa02364495c', '127.0.0.1', 'IP', '{deploymentId=d91523c4-3b91-11eb-9492-5aa02364495c}', '{\"msg\":\"\",\"code\":200}', '0', null, '2020-12-11 17:18:59');
INSERT INTO `sys_oper_log` VALUES ('250', '', '3', 'com.ruoyi.activiti.controller.ProcessDefinitionController.delDefinition()', 'DELETE', '1', 'admin', null, '/processDefinition/remove/dc5a3ca7-3b91-11eb-9492-5aa02364495c', '127.0.0.1', 'IP', '{deploymentId=dc5a3ca7-3b91-11eb-9492-5aa02364495c}', '{\"msg\":\"\",\"code\":200}', '0', null, '2020-12-11 17:19:02');
INSERT INTO `sys_oper_log` VALUES ('251', '', '1', 'com.ruoyi.web.controller.system.SysMenuController.add()', 'POST', '1', 'admin', null, '/system/menu', '127.0.0.1', 'IP', '{\"visible\":\"0\",\"icon\":\"upload\",\"orderNum\":\"1\",\"menuName\":\"\",\"params\":{},\"parentId\":0,\"isCache\":\"0\",\"path\":\"upload\",\"createBy\":\"admin\",\"children\":[],\"isFrame\":\"1\",\"menuType\":\"M\",\"status\":\"0\"}', '{\"msg\":\"\",\"code\":200}', '0', null, '2020-12-12 10:38:52');
INSERT INTO `sys_oper_log` VALUES ('252', '', '2', 'com.ruoyi.web.controller.system.SysMenuController.edit()', 'PUT', '1', 'admin', null, '/system/menu', '127.0.0.1', 'IP', '{\"visible\":\"0\",\"icon\":\"upload\",\"orderNum\":\"1\",\"menuName\":\"\",\"params\":{},\"parentId\":0,\"isCache\":\"0\",\"path\":\"upload\",\"children\":[],\"createTime\":1607740732000,\"isFrame\":\"0\",\"menuId\":2011,\"menuType\":\"M\",\"perms\":\"\",\"status\":\"0\"}', '{\"msg\":\"\'\'http(s)://\",\"code\":500}', '0', null, '2020-12-12 10:44:49');
INSERT INTO `sys_oper_log` VALUES ('253', '', '2', 'com.ruoyi.web.controller.system.SysMenuController.edit()', 'PUT', '1', 'admin', null, '/system/menu', '127.0.0.1', 'IP', '{\"visible\":\"0\",\"icon\":\"upload\",\"orderNum\":\"1\",\"menuName\":\"\",\"params\":{},\"parentId\":0,\"isCache\":\"0\",\"path\":\"upload\",\"children\":[],\"createTime\":1607740732000,\"isFrame\":\"0\",\"menuId\":2011,\"menuType\":\"M\",\"perms\":\"\",\"status\":\"0\"}', '{\"msg\":\"\'\'http(s)://\",\"code\":500}', '0', null, '2020-12-12 10:44:53');
INSERT INTO `sys_oper_log` VALUES ('254', '', '2', 'com.ruoyi.web.controller.system.SysMenuController.edit()', 'PUT', '1', 'admin', null, '/system/menu', '127.0.0.1', 'IP', '{\"visible\":\"0\",\"icon\":\"upload\",\"orderNum\":\"1\",\"menuName\":\"\",\"params\":{},\"parentId\":0,\"isCache\":\"0\",\"path\":\"upload\",\"component\":\"/views/file/upload.vue\",\"children\":[],\"createTime\":1607740732000,\"updateBy\":\"admin\",\"isFrame\":\"1\",\"menuId\":2011,\"menuType\":\"C\",\"perms\":\"\",\"status\":\"0\"}', '{\"msg\":\"\",\"code\":200}', '0', null, '2020-12-12 10:46:37');
INSERT INTO `sys_oper_log` VALUES ('255', '', '1', 'com.ruoyi.web.controller.system.SysMenuController.add()', 'POST', '1', 'admin', null, '/system/menu', '127.0.0.1', 'IP', '{\"visible\":\"0\",\"icon\":\"build\",\"orderNum\":\"1\",\"menuName\":\"\",\"params\":{},\"parentId\":0,\"isCache\":\"0\",\"path\":\"file\",\"createBy\":\"admin\",\"children\":[],\"isFrame\":\"1\",\"menuType\":\"M\",\"status\":\"0\"}', '{\"msg\":\"\",\"code\":200}', '0', null, '2020-12-12 10:48:28');
INSERT INTO `sys_oper_log` VALUES ('256', '', '2', 'com.ruoyi.web.controller.system.SysMenuController.edit()', 'PUT', '1', 'admin', null, '/system/menu', '127.0.0.1', 'IP', '{\"visible\":\"0\",\"icon\":\"upload\",\"orderNum\":\"1\",\"menuName\":\"\",\"params\":{},\"parentId\":2012,\"isCache\":\"0\",\"path\":\"upload\",\"component\":\"/views/file/upload.vue\",\"children\":[],\"createTime\":1607740732000,\"updateBy\":\"admin\",\"isFrame\":\"1\",\"menuId\":2011,\"menuType\":\"C\",\"perms\":\"\",\"status\":\"0\"}', '{\"msg\":\"\",\"code\":200}', '0', null, '2020-12-12 10:48:44');
INSERT INTO `sys_oper_log` VALUES ('257', '', '2', 'com.ruoyi.web.controller.system.SysMenuController.edit()', 'PUT', '1', 'admin', null, '/system/menu', '127.0.0.1', 'IP', '{\"visible\":\"0\",\"icon\":\"upload\",\"orderNum\":\"1\",\"menuName\":\"\",\"params\":{},\"parentId\":2012,\"isCache\":\"0\",\"path\":\"upload\",\"component\":\"file/upload.vue\",\"children\":[],\"createTime\":1607740732000,\"updateBy\":\"admin\",\"isFrame\":\"1\",\"menuId\":2011,\"menuType\":\"C\",\"perms\":\"\",\"status\":\"0\"}', '{\"msg\":\"\",\"code\":200}', '0', null, '2020-12-12 10:50:21');
INSERT INTO `sys_oper_log` VALUES ('258', '', '1', 'com.ruoyi.web.controller.system.SysMenuController.add()', 'POST', '1', 'admin', null, '/system/menu', '127.0.0.1', 'IP', '{\"visible\":\"0\",\"icon\":\"download\",\"orderNum\":\"1\",\"menuName\":\"\",\"params\":{},\"parentId\":2012,\"isCache\":\"0\",\"path\":\"file\",\"component\":\"/file/download.vue\",\"createBy\":\"admin\",\"children\":[],\"isFrame\":\"1\",\"menuType\":\"C\",\"status\":\"0\"}', '{\"msg\":\"\",\"code\":200}', '0', null, '2020-12-12 10:59:50');
INSERT INTO `sys_oper_log` VALUES ('259', '', '2', 'com.ruoyi.web.controller.system.SysMenuController.edit()', 'PUT', '1', 'admin', null, '/system/menu', '127.0.0.1', 'IP', '{\"visible\":\"0\",\"icon\":\"download\",\"orderNum\":\"1\",\"menuName\":\"\",\"params\":{},\"parentId\":2012,\"isCache\":\"0\",\"path\":\"file\",\"component\":\"file/download.vue\",\"children\":[],\"createTime\":1607741990000,\"updateBy\":\"admin\",\"isFrame\":\"1\",\"menuId\":2013,\"menuType\":\"C\",\"perms\":\"\",\"status\":\"0\"}', '{\"msg\":\"\",\"code\":200}', '0', null, '2020-12-12 11:00:20');
INSERT INTO `sys_oper_log` VALUES ('260', '', '2', 'com.ruoyi.web.controller.system.SysMenuController.edit()', 'PUT', '1', 'admin', null, '/system/menu', '127.0.0.1', 'IP', '{\"visible\":\"0\",\"icon\":\"download\",\"orderNum\":\"1\",\"menuName\":\"\",\"params\":{},\"parentId\":2012,\"isCache\":\"0\",\"path\":\"file\",\"component\":\"file/download.vue\",\"children\":[],\"createTime\":1607741990000,\"updateBy\":\"admin\",\"isFrame\":\"1\",\"menuId\":2013,\"menuType\":\"C\",\"perms\":\"\",\"status\":\"0\"}', '{\"msg\":\"\",\"code\":200}', '0', null, '2020-12-12 11:00:27');
INSERT INTO `sys_oper_log` VALUES ('261', '', '6', 'com.ruoyi.generator.controller.GenController.importTableSave()', 'POST', '1', 'admin', null, '/tool/gen/importTable', '127.0.0.1', 'IP', 'sys_file_info', '{\"msg\":\"\",\"code\":200}', '0', null, '2020-12-12 11:01:13');
INSERT INTO `sys_oper_log` VALUES ('262', '', '8', 'com.ruoyi.generator.controller.GenController.batchGenCode()', 'GET', '1', 'admin', null, '/tool/gen/batchGenCode', '127.0.0.1', 'IP', '{}', 'null', '0', null, '2020-12-12 11:01:19');
INSERT INTO `sys_oper_log` VALUES ('263', '', '1', 'com.ruoyi.leave.controller.WorkflowLeaveController.add()', 'POST', '1', 'zhugeliang', null, '/workflow/leave', '127.0.0.1', 'IP', '{\"reason\":\"aa\",\"leaveStartTime\":1606924800000,\"params\":{},\"title\":\"\",\"type\":\"\",\"createTime\":1609316599023,\"id\":\"eb34b14d-d541-40f7-8f31-a374d7703f5a\",\"leaveEndTime\":1609344000000}', 'null', '1', 'no deployed process definition found with id \'leave\'', '2020-12-30 16:23:19');
INSERT INTO `sys_oper_log` VALUES ('264', '', '1', 'com.ruoyi.leave.controller.WorkflowLeaveController.add()', 'POST', '1', 'zhugeliang', null, '/workflow/leave', '127.0.0.1', 'IP', '{\"reason\":\"aa\",\"leaveStartTime\":1606924800000,\"params\":{},\"title\":\"\",\"type\":\"\",\"createTime\":1609316812156,\"id\":\"6c41727e-cb4c-4b2c-9c55-93ec4858a747\",\"leaveEndTime\":1609344000000}', 'null', '1', 'no deployed process definition found with id \'leave\'', '2020-12-30 16:27:13');
INSERT INTO `sys_oper_log` VALUES ('265', '', '6', 'com.ruoyi.activiti.controller.ProcessDefinitionController.uploadStreamAndDeployment()', 'POST', '1', 'admin', null, '/processDefinition/uploadStreamAndDeployment', '127.0.0.1', 'IP', '', '{\"msg\":\"\",\"code\":200}', '0', null, '2020-12-30 16:42:46');
INSERT INTO `sys_oper_log` VALUES ('266', '', '1', 'com.ruoyi.leave.controller.WorkflowLeaveController.add()', 'POST', '1', 'zhugeliang', null, '/workflow/leave', '127.0.0.1', 'IP', '{\"reason\":\"saa\",\"leaveStartTime\":1606838400000,\"params\":{},\"title\":\"\",\"type\":\"\",\"createBy\":\"zhugeliang\",\"instanceId\":\"1e628dd5-4a7b-11eb-ba86-5aa02364495c\",\"createTime\":1609317821766,\"id\":\"8e303256-70fa-40b9-a501-736b6e465b99\",\"state\":\"0\",\"createName\":\"\",\"leaveEndTime\":1607616000000}', '{\"msg\":\"\",\"code\":200}', '0', null, '2020-12-30 16:43:41');
INSERT INTO `sys_oper_log` VALUES ('267', '', '2', 'com.ruoyi.web.controller.system.SysUserController.edit()', 'PUT', '1', 'admin', null, '/system/user', '127.0.0.1', 'IP', '{\"roles\":[{\"flag\":false,\"roleId\":1,\"admin\":true,\"dataScope\":\"1\",\"params\":{},\"roleSort\":\"1\",\"deptCheckStrictly\":false,\"menuCheckStrictly\":false,\"roleKey\":\"admin\",\"roleName\":\"\",\"status\":\"0\"}],\"phonenumber\":\"15888888888\",\"admin\":true,\"loginDate\":1603348024000,\"remark\":\"\",\"delFlag\":\"0\",\"password\":\"\",\"postIds\":[1],\"loginIp\":\"127.0.0.1\",\"email\":\"ry@163.com\",\"nickName\":\"\",\"sex\":\"0\",\"deptId\":103,\"avatar\":\"/profile/avatar/2020/12/11/0486cd9d-3c14-4f48-a354-391d17da0889.jpeg\",\"dept\":{\"deptName\":\"\",\"leader\":\"\",\"deptId\":103,\"orderNum\":\"1\",\"params\":{},\"parentId\":100,\"children\":[],\"status\":\"0\"},\"params\":{},\"userName\":\"admin\",\"userId\":1,\"createBy\":\"admin\",\"roleIds\":[1],\"createTime\":1603348024000,\"status\":\"0\"}', 'null', '1', '', '2021-03-16 17:23:11');
INSERT INTO `sys_oper_log` VALUES ('268', '', '2', 'com.ruoyi.web.controller.system.SysUserController.edit()', 'PUT', '1', 'admin', null, '/system/user', '127.0.0.1', 'IP', '{\"roles\":[{\"flag\":false,\"roleId\":2,\"admin\":false,\"dataScope\":\"5\",\"params\":{},\"roleSort\":\"2\",\"deptCheckStrictly\":false,\"menuCheckStrictly\":false,\"roleKey\":\"common\",\"roleName\":\"\",\"status\":\"0\"}],\"phonenumber\":\"15666666666\",\"admin\":false,\"loginDate\":1603348024000,\"remark\":\"\",\"delFlag\":\"0\",\"password\":\"\",\"updateBy\":\"admin\",\"postIds\":[3],\"loginIp\":\"127.0.0.1\",\"email\":\"ry@qq.com\",\"nickName\":\"\",\"sex\":\"0\",\"deptId\":105,\"avatar\":\"\",\"dept\":{\"deptName\":\"\",\"leader\":\"\",\"deptId\":105,\"orderNum\":\"3\",\"params\":{},\"parentId\":100,\"children\":[],\"status\":\"0\"},\"params\":{},\"userName\":\"ry\",\"userId\":2,\"createBy\":\"admin\",\"roleIds\":[2],\"createTime\":1603348024000,\"status\":\"0\"}', '{\"msg\":\"\",\"code\":200}', '0', null, '2021-03-16 17:23:26');
INSERT INTO `sys_oper_log` VALUES ('269', '', '3', 'com.ruoyi.web.controller.system.SysMenuController.remove()', 'DELETE', '1', 'admin', null, '/system/menu/4', '127.0.0.1', 'IP', '{menuId=4}', '{\"msg\":\",\",\"code\":500}', '0', null, '2021-03-16 17:23:44');
INSERT INTO `sys_oper_log` VALUES ('270', '', '1', 'com.ruoyi.web.controller.system.SysMenuController.add()', 'POST', '1', 'admin', null, '/system/menu', '127.0.0.1', 'IP', '{\"visible\":\"0\",\"orderNum\":\"1\",\"menuName\":\"\",\"params\":{},\"parentId\":0,\"isCache\":\"0\",\"path\":\"src.api.system.info.js\",\"createBy\":\"admin\",\"children\":[],\"isFrame\":\"1\",\"menuType\":\"C\",\"status\":\"0\"}', '{\"msg\":\"\",\"code\":200}', '0', null, '2021-03-16 17:27:40');
INSERT INTO `sys_oper_log` VALUES ('271', '', '1', 'com.ruoyi.web.controller.system.SysMenuController.add()', 'POST', '1', 'admin', null, '/system/menu', '127.0.0.1', 'IP', '{\"visible\":\"0\",\"orderNum\":\"2\",\"menuName\":\"\",\"params\":{},\"parentId\":2008,\"isCache\":\"0\",\"path\":\"workflow/requirement/index\",\"createBy\":\"admin\",\"children\":[],\"isFrame\":\"1\",\"menuType\":\"C\",\"status\":\"0\"}', '{\"msg\":\"\",\"code\":200}', '0', null, '2021-03-16 17:31:19');
INSERT INTO `sys_oper_log` VALUES ('272', '', '2', 'com.ruoyi.web.controller.system.SysMenuController.edit()', 'PUT', '1', 'admin', null, '/system/menu', '127.0.0.1', 'IP', '{\"visible\":\"0\",\"icon\":\"#\",\"orderNum\":\"2\",\"menuName\":\"\",\"params\":{},\"parentId\":2008,\"isCache\":\"0\",\"path\":\"requirement\",\"component\":\"workflow/requirement/index\",\"children\":[],\"createTime\":1615887079000,\"updateBy\":\"admin\",\"isFrame\":\"1\",\"menuId\":2027,\"menuType\":\"C\",\"perms\":\"workflow:requirement:index\",\"status\":\"0\"}', '{\"msg\":\"\",\"code\":200}', '0', null, '2021-03-16 17:32:24');
INSERT INTO `sys_oper_log` VALUES ('273', '', '1', 'com.ruoyi.web.controller.system.SysMenuController.add()', 'POST', '1', 'admin', null, '/system/menu', '127.0.0.1', 'IP', '{\"visible\":\"0\",\"orderNum\":\"1\",\"menuName\":\"\",\"params\":{},\"parentId\":2027,\"isCache\":\"0\",\"createBy\":\"admin\",\"children\":[],\"isFrame\":\"1\",\"menuType\":\"F\",\"perms\":\"workflow:requirement:query\",\"status\":\"0\"}', '{\"msg\":\"\",\"code\":200}', '0', null, '2021-03-16 17:49:00');
INSERT INTO `sys_oper_log` VALUES ('274', '', '1', 'com.ruoyi.web.controller.system.SysMenuController.add()', 'POST', '1', 'admin', null, '/system/menu', '127.0.0.1', 'IP', '{\"visible\":\"0\",\"orderNum\":\"2\",\"menuName\":\"\",\"params\":{},\"parentId\":2027,\"isCache\":\"0\",\"createBy\":\"admin\",\"children\":[],\"isFrame\":\"1\",\"menuType\":\"F\",\"perms\":\"workflow:requirement:add\",\"status\":\"0\"}', '{\"msg\":\"\",\"code\":200}', '0', null, '2021-03-16 17:51:20');
INSERT INTO `sys_oper_log` VALUES ('275', '', '1', 'com.ruoyi.web.controller.system.SysMenuController.add()', 'POST', '1', 'admin', null, '/system/menu', '127.0.0.1', 'IP', '{\"visible\":\"0\",\"orderNum\":\"3\",\"menuName\":\"\",\"params\":{},\"parentId\":2027,\"isCache\":\"0\",\"createBy\":\"admin\",\"children\":[],\"isFrame\":\"1\",\"menuType\":\"F\",\"perms\":\"workflow:requirement:edit\",\"status\":\"0\"}', '{\"msg\":\"\",\"code\":200}', '0', null, '2021-03-16 17:51:53');
INSERT INTO `sys_oper_log` VALUES ('276', '', '1', 'com.ruoyi.web.controller.system.SysMenuController.add()', 'POST', '1', 'admin', null, '/system/menu', '127.0.0.1', 'IP', '{\"visible\":\"0\",\"orderNum\":\"4\",\"menuName\":\"\",\"params\":{},\"parentId\":2027,\"isCache\":\"0\",\"createBy\":\"admin\",\"children\":[],\"isFrame\":\"1\",\"menuType\":\"F\",\"perms\":\"workflow:requirement:remove\",\"status\":\"0\"}', '{\"msg\":\"\",\"code\":200}', '0', null, '2021-03-16 17:53:00');
INSERT INTO `sys_oper_log` VALUES ('277', '', '1', 'com.ruoyi.web.controller.system.SysMenuController.add()', 'POST', '1', 'admin', null, '/system/menu', '127.0.0.1', 'IP', '{\"visible\":\"0\",\"orderNum\":\"5\",\"menuName\":\"\",\"params\":{},\"parentId\":2027,\"isCache\":\"0\",\"createBy\":\"admin\",\"children\":[],\"isFrame\":\"1\",\"menuType\":\"F\",\"perms\":\"workflow:requirement:export\",\"status\":\"0\"}', '{\"msg\":\"\",\"code\":200}', '0', null, '2021-03-16 17:54:17');
INSERT INTO `sys_oper_log` VALUES ('278', '', '2', 'com.ruoyi.web.controller.system.SysRoleController.edit()', 'PUT', '1', 'admin', null, '/system/role', '172.16.20.19', 'IP', '{\"flag\":false,\"roleId\":2,\"admin\":false,\"remark\":\"\",\"dataScope\":\"5\",\"delFlag\":\"0\",\"params\":{},\"roleSort\":\"2\",\"deptCheckStrictly\":true,\"createTime\":1603348024000,\"updateBy\":\"admin\",\"menuCheckStrictly\":true,\"roleKey\":\"common\",\"roleName\":\"\",\"menuIds\":[2008,2000,2001,2002,2003,2004,2005,2006,2007],\"status\":\"0\"}', '{\"msg\":\"\",\"code\":200}', '0', null, '2021-03-17 15:47:02');
INSERT INTO `sys_oper_log` VALUES ('279', '', '1', 'com.ruoyi.web.controller.system.SysRoleController.add()', 'POST', '1', 'admin', null, '/system/role', '172.16.20.19', 'IP', '{\"flag\":false,\"roleId\":102,\"admin\":false,\"params\":{},\"roleSort\":\"3\",\"deptCheckStrictly\":true,\"createBy\":\"admin\",\"menuCheckStrictly\":true,\"roleKey\":\"1\",\"roleName\":\"1\",\"deptIds\":[],\"menuIds\":[3,113,2014,2015,2016,2017,2018,2019,2020,2021,2022,2023,2024,2025,114,1055,1056,1058,1057,1059,1060,115],\"status\":\"0\"}', '{\"msg\":\"\",\"code\":200}', '0', null, '2021-03-17 15:47:57');
INSERT INTO `sys_oper_log` VALUES ('280', '', '3', 'com.ruoyi.web.controller.system.SysRoleController.remove()', 'DELETE', '1', 'admin', null, '/system/role/102', '172.16.20.19', 'IP', '{roleIds=102}', '{\"msg\":\"\",\"code\":200}', '0', null, '2021-03-17 15:51:50');
INSERT INTO `sys_oper_log` VALUES ('281', '', '1', 'com.ruoyi.web.controller.system.SysMenuController.add()', 'POST', '1', 'admin', null, '/system/menu', '127.0.0.1', 'IP', '{\"visible\":\"0\",\"orderNum\":\"5\",\"menuName\":\"\",\"params\":{},\"parentId\":0,\"isCache\":\"0\",\"path\":\"11\",\"createBy\":\"admin\",\"children\":[],\"isFrame\":\"1\",\"menuType\":\"C\",\"status\":\"0\"}', '{\"msg\":\"\",\"code\":200}', '0', null, '2021-03-19 10:29:07');
INSERT INTO `sys_oper_log` VALUES ('282', '', '2', 'com.ruoyi.web.controller.system.SysMenuController.edit()', 'PUT', '1', 'admin', null, '/system/menu', '127.0.0.1', 'IP', '{\"visible\":\"0\",\"icon\":\"#\",\"orderNum\":\"1\",\"menuName\":\"\",\"params\":{},\"parentId\":0,\"isCache\":\"0\",\"path\":\"11\",\"children\":[],\"createTime\":1616120947000,\"updateBy\":\"admin\",\"isFrame\":\"1\",\"menuId\":2033,\"menuType\":\"C\",\"perms\":\"\",\"status\":\"0\"}', '{\"msg\":\"\",\"code\":200}', '0', null, '2021-03-19 10:29:21');
INSERT INTO `sys_oper_log` VALUES ('283', '', '3', 'com.ruoyi.web.controller.system.SysMenuController.remove()', 'DELETE', '1', 'admin', null, '/system/menu/2012', '127.0.0.1', 'IP', '{menuId=2012}', '{\"msg\":\",\",\"code\":500}', '0', null, '2021-03-19 10:29:32');
INSERT INTO `sys_oper_log` VALUES ('284', '', '2', 'com.ruoyi.web.controller.system.SysMenuController.edit()', 'PUT', '1', 'admin', null, '/system/menu', '127.0.0.1', 'IP', '{\"visible\":\"0\",\"icon\":\"#\",\"orderNum\":\"1\",\"menuName\":\"\",\"params\":{},\"parentId\":0,\"isCache\":\"0\",\"path\":\"11\",\"component\":\"views/system/index.vue\",\"children\":[],\"createTime\":1616120947000,\"updateBy\":\"admin\",\"isFrame\":\"1\",\"menuId\":2033,\"menuType\":\"C\",\"perms\":\"\",\"status\":\"0\"}', '{\"msg\":\"\",\"code\":200}', '0', null, '2021-03-19 10:32:33');
INSERT INTO `sys_oper_log` VALUES ('285', '', '2', 'com.ruoyi.web.controller.system.SysMenuController.edit()', 'PUT', '1', 'admin', null, '/system/menu', '127.0.0.1', 'IP', '{\"visible\":\"0\",\"icon\":\"#\",\"orderNum\":\"1\",\"menuName\":\"\",\"params\":{},\"parentId\":2033,\"isCache\":\"0\",\"path\":\"11\",\"component\":\"views/system/index.vue\",\"children\":[],\"createTime\":1616120947000,\"isFrame\":\"1\",\"menuId\":2033,\"menuType\":\"C\",\"perms\":\"\",\"status\":\"0\"}', '{\"msg\":\"\'\'\",\"code\":500}', '0', null, '2021-03-19 10:33:02');
INSERT INTO `sys_oper_log` VALUES ('286', '', '2', 'com.ruoyi.web.controller.system.SysMenuController.edit()', 'PUT', '1', 'admin', null, '/system/menu', '127.0.0.1', 'IP', '{\"visible\":\"0\",\"icon\":\"#\",\"orderNum\":\"1\",\"menuName\":\"\",\"params\":{},\"parentId\":0,\"isCache\":\"0\",\"path\":\"11\",\"component\":\"views/system/info/index\",\"children\":[],\"createTime\":1616120947000,\"updateBy\":\"admin\",\"isFrame\":\"1\",\"menuId\":2033,\"menuType\":\"C\",\"perms\":\"\",\"status\":\"0\"}', '{\"msg\":\"\",\"code\":200}', '0', null, '2021-03-19 10:34:19');
INSERT INTO `sys_oper_log` VALUES ('287', '', '2', 'com.ruoyi.web.controller.system.SysMenuController.edit()', 'PUT', '1', 'admin', null, '/system/menu', '127.0.0.1', 'IP', '{\"visible\":\"0\",\"icon\":\"#\",\"orderNum\":\"1\",\"menuName\":\"\",\"params\":{},\"parentId\":0,\"isCache\":\"0\",\"path\":\"11\",\"component\":\"system/info/index\",\"children\":[],\"createTime\":1616120947000,\"updateBy\":\"admin\",\"isFrame\":\"1\",\"menuId\":2033,\"menuType\":\"C\",\"perms\":\"\",\"status\":\"0\"}', '{\"msg\":\"\",\"code\":200}', '0', null, '2021-03-19 10:34:34');
INSERT INTO `sys_oper_log` VALUES ('288', '', '2', 'com.ruoyi.web.controller.system.SysMenuController.edit()', 'PUT', '1', 'admin', null, '/system/menu', '127.0.0.1', 'IP', '{\"visible\":\"0\",\"icon\":\"#\",\"orderNum\":\"1\",\"menuName\":\"\",\"params\":{},\"parentId\":0,\"isCache\":\"0\",\"path\":\"index\",\"component\":\"system/standard/index\",\"children\":[],\"createTime\":1616120947000,\"updateBy\":\"admin\",\"isFrame\":\"1\",\"menuId\":2033,\"menuType\":\"C\",\"perms\":\"system:standard:index\",\"status\":\"0\"}', '{\"msg\":\"\",\"code\":200}', '0', null, '2021-03-19 10:35:23');
INSERT INTO `sys_oper_log` VALUES ('289', '', '2', 'com.ruoyi.web.controller.system.SysMenuController.edit()', 'PUT', '1', 'admin', null, '/system/menu', '127.0.0.1', 'IP', '{\"visible\":\"0\",\"icon\":\"#\",\"orderNum\":\"1\",\"menuName\":\"\",\"params\":{},\"parentId\":0,\"isCache\":\"0\",\"path\":\"standard\",\"component\":\"system/standard/index\",\"children\":[],\"createTime\":1616120947000,\"updateBy\":\"admin\",\"isFrame\":\"1\",\"menuId\":2033,\"menuType\":\"C\",\"perms\":\"system:standard:index\",\"status\":\"0\"}', '{\"msg\":\"\",\"code\":200}', '0', null, '2021-03-19 10:36:29');
INSERT INTO `sys_oper_log` VALUES ('290', '', '2', 'com.ruoyi.web.controller.system.SysMenuController.edit()', 'PUT', '1', 'admin', null, '/system/menu', '127.0.0.1', 'IP', '{\"visible\":\"0\",\"icon\":\"#\",\"orderNum\":\"1\",\"menuName\":\"\",\"params\":{},\"parentId\":0,\"isCache\":\"0\",\"path\":\"index\",\"component\":\"system/standard/index\",\"children\":[],\"createTime\":1616120947000,\"updateBy\":\"admin\",\"isFrame\":\"1\",\"menuId\":2033,\"menuType\":\"C\",\"perms\":\"system:standard:index\",\"status\":\"0\"}', '{\"msg\":\"\",\"code\":200}', '0', null, '2021-03-19 10:40:38');
INSERT INTO `sys_oper_log` VALUES ('291', '', '2', 'com.ruoyi.web.controller.system.SysMenuController.edit()', 'PUT', '1', 'admin', null, '/system/menu', '127.0.0.1', 'IP', '{\"visible\":\"0\",\"icon\":\"#\",\"orderNum\":\"1\",\"menuName\":\"\",\"params\":{},\"parentId\":0,\"isCache\":\"0\",\"path\":\"standard\",\"component\":\"system/standard/index\",\"children\":[],\"createTime\":1616120947000,\"updateBy\":\"admin\",\"isFrame\":\"1\",\"menuId\":2033,\"menuType\":\"C\",\"perms\":\"system:standard:list\",\"status\":\"0\"}', '{\"msg\":\"\",\"code\":200}', '0', null, '2021-03-19 10:41:20');
INSERT INTO `sys_oper_log` VALUES ('292', '', '2', 'com.ruoyi.web.controller.system.SysMenuController.edit()', 'PUT', '1', 'admin', null, '/system/menu', '127.0.0.1', 'IP', '{\"visible\":\"0\",\"icon\":\"#\",\"orderNum\":\"1\",\"menuName\":\"\",\"params\":{},\"parentId\":0,\"isCache\":\"0\",\"path\":\"standard\",\"component\":\"system/standard/index\",\"children\":[],\"createTime\":1616120947000,\"updateBy\":\"admin\",\"isFrame\":\"1\",\"menuId\":2033,\"menuType\":\"C\",\"perms\":\"system:standard:list\",\"status\":\"0\"}', '{\"msg\":\"\",\"code\":200}', '0', null, '2021-03-19 10:45:35');
INSERT INTO `sys_oper_log` VALUES ('293', '', '2', 'com.ruoyi.web.controller.system.SysMenuController.edit()', 'PUT', '1', 'admin', null, '/system/menu', '127.0.0.1', 'IP', '{\"visible\":\"0\",\"icon\":\"#\",\"orderNum\":\"1\",\"menuName\":\"\",\"params\":{},\"parentId\":0,\"isCache\":\"0\",\"path\":\"info\",\"component\":\"system:info:list\",\"children\":[],\"createTime\":1615886860000,\"updateBy\":\"admin\",\"isFrame\":\"1\",\"menuId\":2026,\"menuType\":\"C\",\"perms\":\"system/info/index\",\"status\":\"0\"}', '{\"msg\":\"\",\"code\":200}', '0', null, '2021-03-19 10:56:29');
INSERT INTO `sys_oper_log` VALUES ('294', '', '2', 'com.ruoyi.web.controller.system.SysMenuController.edit()', 'PUT', '1', 'admin', null, '/system/menu', '127.0.0.1', 'IP', '{\"visible\":\"0\",\"icon\":\"#\",\"orderNum\":\"1\",\"menuName\":\"\",\"params\":{},\"parentId\":0,\"isCache\":\"0\",\"path\":\"info\",\"component\":\"system/info/index\",\"children\":[],\"createTime\":1615886860000,\"updateBy\":\"admin\",\"isFrame\":\"1\",\"menuId\":2026,\"menuType\":\"C\",\"perms\":\"system:info:list\",\"status\":\"0\"}', '{\"msg\":\"\",\"code\":200}', '0', null, '2021-03-19 10:56:55');
INSERT INTO `sys_oper_log` VALUES ('295', '', '2', 'com.ruoyi.web.controller.system.SysMenuController.edit()', 'PUT', '1', 'admin', null, '/system/menu', '127.0.0.1', 'IP', '{\"visible\":\"0\",\"icon\":\"#\",\"orderNum\":\"1\",\"menuName\":\"\",\"params\":{},\"parentId\":0,\"isCache\":\"0\",\"path\":\"standard\",\"component\":\"views/standard/index\",\"children\":[],\"createTime\":1616120947000,\"updateBy\":\"admin\",\"isFrame\":\"1\",\"menuId\":2033,\"menuType\":\"C\",\"perms\":\"views:standard:list\",\"status\":\"0\"}', '{\"msg\":\"\",\"code\":200}', '0', null, '2021-03-19 11:04:30');
INSERT INTO `sys_oper_log` VALUES ('296', '', '2', 'com.ruoyi.web.controller.system.SysMenuController.edit()', 'PUT', '1', 'admin', null, '/system/menu', '127.0.0.1', 'IP', '{\"visible\":\"0\",\"icon\":\"#\",\"orderNum\":\"1\",\"menuName\":\"\",\"params\":{},\"parentId\":0,\"isCache\":\"0\",\"path\":\"standard\",\"component\":\"views/system/standard/index\",\"children\":[],\"createTime\":1616120947000,\"updateBy\":\"admin\",\"isFrame\":\"1\",\"menuId\":2033,\"menuType\":\"C\",\"perms\":\"views:system:standard:list\",\"status\":\"0\"}', '{\"msg\":\"\",\"code\":200}', '0', null, '2021-03-19 11:04:59');
INSERT INTO `sys_oper_log` VALUES ('297', '', '2', 'com.ruoyi.web.controller.system.SysMenuController.edit()', 'PUT', '1', 'admin', null, '/system/menu', '127.0.0.1', 'IP', '{\"visible\":\"0\",\"icon\":\"#\",\"orderNum\":\"1\",\"menuName\":\"\",\"params\":{},\"parentId\":0,\"isCache\":\"0\",\"path\":\"standard\",\"component\":\"system/standard/index\",\"children\":[],\"createTime\":1616120947000,\"isFrame\":\"1\",\"menuId\":2033,\"menuType\":\"C\",\"perms\":\"system:standard:list\",\"status\":\"0\"}', 'null', '1', '\r\n### Error querying database.  Cause: java.sql.SQLSyntaxErrorException: You have an error in your SQL syntax; check the manual that corresponds to your MySQL server version for the right syntax to use near \'LIMIT 10\' at line 5\r\n### The error may exist in file [D:\\gitku\\20210308\\ruoyi-vue-activiti\\ruoyi-system\\target\\classes\\mapper\\system\\SysMenuMapper.xml]\r\n### The error may involve com.ruoyi.mapper.SysMenuMapper.checkMenuNameUnique-Inline\r\n### The error occurred while setting parameters\r\n### SQL: select menu_id, menu_name, parent_id, order_num, path, component, is_frame, is_cache, menu_type, visible, status, ifnull(perms,\'\') as perms, icon, create_time    from sys_menu         where menu_name=? and parent_id = ? limit 1  LIMIT ?\r\n### Cause: java.sql.SQLSyntaxErrorException: You have an error in your SQL syntax; check the manual that corresponds to your MySQL server version for the right syntax to use near \'LIMIT 10\' at line 5\n; bad SQL grammar []; nested exception is java.sql.SQLSyntaxErrorException: You have an error in your SQL syntax; check the manual that corresponds to your MySQL server version for the right syntax to use near \'LIMIT 10\' at line 5', '2021-03-19 11:05:24');
INSERT INTO `sys_oper_log` VALUES ('298', '', '2', 'com.ruoyi.web.controller.system.SysMenuController.edit()', 'PUT', '1', 'admin', null, '/system/menu', '127.0.0.1', 'IP', '{\"visible\":\"0\",\"icon\":\"#\",\"orderNum\":\"1\",\"menuName\":\"\",\"params\":{},\"parentId\":0,\"isCache\":\"0\",\"path\":\"standard\",\"component\":\"system/standard/index\",\"children\":[],\"createTime\":1616120947000,\"updateBy\":\"admin\",\"isFrame\":\"1\",\"menuId\":2033,\"menuType\":\"C\",\"perms\":\"system:standard:list\",\"status\":\"0\"}', '{\"msg\":\"\",\"code\":200}', '0', null, '2021-03-19 11:05:25');
INSERT INTO `sys_oper_log` VALUES ('299', '', '2', 'com.ruoyi.web.controller.system.SysMenuController.edit()', 'PUT', '1', 'admin', null, '/system/menu', '127.0.0.1', 'IP', '{\"visible\":\"0\",\"icon\":\"#\",\"orderNum\":\"1\",\"menuName\":\"\",\"params\":{},\"parentId\":0,\"isCache\":\"0\",\"path\":\"standard\",\"component\":\"system/standard/index\",\"children\":[],\"createTime\":1616120947000,\"updateBy\":\"admin\",\"isFrame\":\"1\",\"menuId\":2033,\"menuType\":\"C\",\"perms\":\"system:standard:list\",\"status\":\"0\"}', '{\"msg\":\"\",\"code\":200}', '0', null, '2021-03-19 11:05:26');
INSERT INTO `sys_oper_log` VALUES ('300', '', '1', 'com.ruoyi.web.controller.system.SysMenuController.add()', 'POST', '1', 'admin', null, '/system/menu', '127.0.0.1', 'IP', '{\"visible\":\"0\",\"icon\":\"tool\",\"orderNum\":\"1\",\"menuName\":\"\",\"params\":{},\"parentId\":0,\"isCache\":\"0\",\"path\":\"tools\",\"createBy\":\"admin\",\"children\":[],\"isFrame\":\"1\",\"menuType\":\"M\",\"status\":\"0\"}', '{\"msg\":\"\",\"code\":200}', '0', null, '2021-03-25 17:19:22');
INSERT INTO `sys_oper_log` VALUES ('301', '', '2', 'com.ruoyi.web.controller.system.SysMenuController.edit()', 'PUT', '1', 'admin', null, '/system/menu', '127.0.0.1', 'IP', '{\"visible\":\"0\",\"icon\":\"tool\",\"orderNum\":\"1\",\"menuName\":\"\",\"params\":{},\"parentId\":0,\"isCache\":\"0\",\"path\":\"\\t system/tools/index\",\"children\":[],\"createTime\":1616663962000,\"updateBy\":\"admin\",\"isFrame\":\"1\",\"menuId\":2034,\"menuType\":\"M\",\"perms\":\"\",\"status\":\"0\"}', '{\"msg\":\"\",\"code\":200}', '0', null, '2021-03-25 17:20:19');
INSERT INTO `sys_oper_log` VALUES ('302', '', '2', 'com.ruoyi.web.controller.system.SysMenuController.edit()', 'PUT', '1', 'admin', null, '/system/menu', '127.0.0.1', 'IP', '{\"visible\":\"0\",\"icon\":\"tool\",\"orderNum\":\"1\",\"menuName\":\"\",\"params\":{},\"parentId\":0,\"isCache\":\"0\",\"path\":\"system/tools/index\",\"children\":[],\"createTime\":1616663962000,\"updateBy\":\"admin\",\"isFrame\":\"1\",\"menuId\":2034,\"menuType\":\"M\",\"perms\":\"\",\"status\":\"0\"}', '{\"msg\":\"\",\"code\":200}', '0', null, '2021-03-25 17:21:07');
INSERT INTO `sys_oper_log` VALUES ('303', '', '2', 'com.ruoyi.web.controller.system.SysMenuController.edit()', 'PUT', '1', 'admin', null, '/system/menu', '127.0.0.1', 'IP', '{\"visible\":\"0\",\"icon\":\"tool\",\"orderNum\":\"1\",\"menuName\":\"\",\"params\":{},\"parentId\":0,\"isCache\":\"0\",\"path\":\"system/tools/index\",\"component\":\"system/tools/index\",\"children\":[],\"createTime\":1616663962000,\"updateBy\":\"admin\",\"isFrame\":\"1\",\"menuId\":2034,\"menuType\":\"C\",\"perms\":\"system:toolswarhous:list\",\"status\":\"0\"}', '{\"msg\":\"\",\"code\":200}', '0', null, '2021-03-25 17:22:41');
INSERT INTO `sys_oper_log` VALUES ('304', '', '2', 'com.ruoyi.web.controller.system.SysMenuController.edit()', 'PUT', '1', 'admin', null, '/system/menu', '127.0.0.1', 'IP', '{\"visible\":\"0\",\"icon\":\"tool\",\"orderNum\":\"1\",\"menuName\":\"\",\"params\":{},\"parentId\":0,\"isCache\":\"0\",\"path\":\"gongjuku\",\"component\":\"system/gongjuku/index\",\"children\":[],\"createTime\":1616663962000,\"updateBy\":\"admin\",\"isFrame\":\"1\",\"menuId\":2034,\"menuType\":\"C\",\"perms\":\"system:gongjuku:list\",\"status\":\"0\"}', '{\"msg\":\"\",\"code\":200}', '0', null, '2021-03-25 17:23:22');
INSERT INTO `sys_oper_log` VALUES ('305', '', '2', 'com.ruoyi.web.controller.system.SysMenuController.edit()', 'PUT', '1', 'admin', null, '/system/menu', '127.0.0.1', 'IP', '{\"visible\":\"0\",\"icon\":\"tool\",\"orderNum\":\"1\",\"menuName\":\"\",\"params\":{},\"parentId\":0,\"isCache\":\"0\",\"path\":\"toolswarehouse\",\"component\":\"system/toolswarehouse/index\",\"children\":[],\"createTime\":1616663962000,\"updateBy\":\"admin\",\"isFrame\":\"1\",\"menuId\":2034,\"menuType\":\"C\",\"perms\":\"system:toolswarehouse:list\",\"status\":\"0\"}', '{\"msg\":\"\",\"code\":200}', '0', null, '2021-03-25 18:58:44');
INSERT INTO `sys_oper_log` VALUES ('306', '', '1', 'com.ruoyi.system.controller.SysFileInfoController.add()', 'POST', '1', 'admin', null, '/system/info', '127.0.0.1', 'IP', '{\"filePath\":\"d:/\",\"params\":{},\"realName\":\"1.txt\",\"fileId\":1}', '{\"msg\":\"\",\"code\":200}', '0', null, '2021-03-27 11:02:41');
INSERT INTO `sys_oper_log` VALUES ('307', '', '3', 'com.ruoyi.system.controller.SysFileInfoController.remove()', 'DELETE', '1', 'admin', null, '/system/info/1', '127.0.0.1', 'IP', '{fileIds=1}', '{\"msg\":\"\",\"code\":200}', '0', null, '2021-03-27 11:03:19');
INSERT INTO `sys_oper_log` VALUES ('308', '', '1', 'com.ruoyi.system.controller.SysFileInfoController.add()', 'POST', '1', 'admin', null, '/system/info', '127.0.0.1', 'IP', '{\"filePath\":\"d:/\",\"params\":{},\"realName\":\"1.txt\",\"fileId\":2}', '{\"msg\":\"\",\"code\":200}', '0', null, '2021-03-27 11:03:28');
INSERT INTO `sys_oper_log` VALUES ('309', '', '3', 'com.ruoyi.system.controller.SysFileInfoController.remove()', 'DELETE', '1', 'admin', null, '/system/info/2', '127.0.0.1', 'IP', '{fileIds=2}', '{\"msg\":\"\",\"code\":200}', '0', null, '2021-03-27 11:03:43');
INSERT INTO `sys_oper_log` VALUES ('310', '', '1', 'com.ruoyi.system.controller.SysFileInfoController.add()', 'POST', '1', 'admin', null, '/system/info', '127.0.0.1', 'IP', '{\"filePath\":\"d:\",\"params\":{},\"realName\":\"1.txt\",\"fileId\":3}', '{\"msg\":\"\",\"code\":200}', '0', null, '2021-03-27 11:03:54');
INSERT INTO `sys_oper_log` VALUES ('311', '', '2', 'com.ruoyi.system.controller.SysFileInfoController.edit()', 'PUT', '1', 'admin', null, '/system/info', '127.0.0.1', 'IP', '{\"filePath\":\"1.txt\",\"params\":{},\"realName\":\"d:/\",\"fileId\":3}', '{\"msg\":\"\",\"code\":200}', '0', null, '2021-03-27 11:04:09');
INSERT INTO `sys_oper_log` VALUES ('312', '', '2', 'com.ruoyi.system.controller.SysFileInfoController.edit()', 'PUT', '1', 'admin', null, '/system/info', '127.0.0.1', 'IP', '{\"filePath\":\"d:\",\"params\":{},\"realName\":\"d:/1.txt\",\"fileId\":3}', '{\"msg\":\"\",\"code\":200}', '0', null, '2021-03-27 11:04:36');
INSERT INTO `sys_oper_log` VALUES ('313', '', '2', 'com.ruoyi.system.controller.SysFileInfoController.edit()', 'PUT', '1', 'admin', null, '/system/info', '127.0.0.1', 'IP', '{\"filePath\":\"d:\",\"params\":{},\"realName\":\"d://1.txt\",\"fileId\":3}', '{\"msg\":\"\",\"code\":200}', '0', null, '2021-03-27 11:04:48');
INSERT INTO `sys_oper_log` VALUES ('314', '', '2', 'com.ruoyi.system.controller.SysFileInfoController.edit()', 'PUT', '1', 'admin', null, '/system/info', '127.0.0.1', 'IP', '{\"filePath\":\"d:\",\"params\":{},\"realName\":\"d:\\\\\\\\1.txt\",\"fileId\":3}', '{\"msg\":\"\",\"code\":200}', '0', null, '2021-03-27 11:05:01');
INSERT INTO `sys_oper_log` VALUES ('315', '', '2', 'com.ruoyi.system.controller.SysFileInfoController.edit()', 'PUT', '1', 'admin', null, '/system/info', '127.0.0.1', 'IP', '{\"filePath\":\"d:\\\\\\\\\",\"params\":{},\"realName\":\"1.txt\",\"fileId\":3}', '{\"msg\":\"\",\"code\":200}', '0', null, '2021-03-27 11:05:19');
INSERT INTO `sys_oper_log` VALUES ('316', '', '2', 'com.ruoyi.system.controller.SysFileInfoController.edit()', 'PUT', '1', 'admin', null, '/system/info', '127.0.0.1', 'IP', '{\"filePath\":\"d:\",\"params\":{},\"realName\":\"1.txt\",\"fileId\":3}', '{\"msg\":\"\",\"code\":200}', '0', null, '2021-03-27 11:05:29');
INSERT INTO `sys_oper_log` VALUES ('317', '', '3', 'com.ruoyi.system.controller.SysFileInfoController.remove()', 'DELETE', '1', 'admin', null, '/system/info/3', '127.0.0.1', 'IP', '{fileIds=3}', '{\"msg\":\"\",\"code\":200}', '0', null, '2021-03-27 11:05:42');
INSERT INTO `sys_oper_log` VALUES ('318', '', '1', 'com.ruoyi.system.controller.SysFileInfoController.add()', 'POST', '1', 'admin', null, '/system/info', '127.0.0.1', 'IP', '{\"filePath\":\"D:\",\"params\":{},\"realName\":\"1.txt\",\"fileId\":4}', '{\"msg\":\"\",\"code\":200}', '0', null, '2021-03-27 11:06:22');
INSERT INTO `sys_oper_log` VALUES ('319', '', '3', 'com.ruoyi.system.controller.SysFileInfoController.remove()', 'DELETE', '1', 'admin', null, '/system/info/4', '127.0.0.1', 'IP', '{fileIds=4}', '{\"msg\":\"\",\"code\":200}', '0', null, '2021-03-27 11:06:50');
INSERT INTO `sys_oper_log` VALUES ('320', '', '3', 'com.ruoyi.system.controller.SysFileToolswarehouseController.remove()', 'DELETE', '1', 'admin', null, '/system/toolswarehouse/1', '127.0.0.1', 'IP', '{fileIds=1}', 'null', '1', 'Invalid bound statement (not found): com.ruoyi.system.mapper.SysFileToolswarehouseMapper.deleteSysFileToolswarehouseByIds', '2021-03-27 11:07:42');
INSERT INTO `sys_oper_log` VALUES ('321', '', '3', 'com.ruoyi.system.controller.SysFileToolswarehouseController.remove()', 'DELETE', '1', 'admin', null, '/system/toolswarehouse/1', '127.0.0.1', 'IP', '{fileIds=1}', 'null', '1', 'Invalid bound statement (not found): com.ruoyi.system.mapper.SysFileToolswarehouseMapper.deleteSysFileToolswarehouseByIds', '2021-03-27 11:07:46');
INSERT INTO `sys_oper_log` VALUES ('322', '', '3', 'com.ruoyi.system.controller.SysFileToolswarehouseController.remove()', 'DELETE', '1', 'admin', null, '/system/toolswarehouse/1', '127.0.0.1', 'IP', '{fileIds=1}', 'null', '1', 'Invalid bound statement (not found): com.ruoyi.system.mapper.SysFileToolswarehouseMapper.deleteSysFileToolswarehouseByIds', '2021-03-27 11:08:05');
INSERT INTO `sys_oper_log` VALUES ('323', '', '3', 'com.ruoyi.system.controller.SysFileToolswarehouseController.remove()', 'DELETE', '1', 'admin', null, '/system/toolswarehouse/1', '127.0.0.1', 'IP', '{fileIds=1}', 'null', '1', 'Invalid bound statement (not found): com.ruoyi.system.mapper.SysFileToolswarehouseMapper.deleteSysFileToolswarehouseByIds', '2021-03-27 11:08:12');
INSERT INTO `sys_oper_log` VALUES ('324', '', '3', 'com.ruoyi.system.controller.SysFileToolswarehouseController.remove()', 'DELETE', '1', 'admin', null, '/system/toolswarehouse/1', '127.0.0.1', 'IP', '{fileIds=1}', 'null', '1', 'Invalid bound statement (not found): com.ruoyi.system.mapper.SysFileToolswarehouseMapper.deleteSysFileToolswarehouseByIds', '2021-03-27 11:08:25');
INSERT INTO `sys_oper_log` VALUES ('325', '', '3', 'com.ruoyi.system.controller.SysFileToolswarehouseController.remove()', 'DELETE', '1', 'admin', null, '/system/toolswarehouse/1', '127.0.0.1', 'IP', '{fileIds=1}', 'null', '1', 'Invalid bound statement (not found): com.ruoyi.system.mapper.SysFileToolswarehouseMapper.deleteSysFileToolswarehouseByIds', '2021-03-27 11:08:37');
INSERT INTO `sys_oper_log` VALUES ('326', '', '3', 'com.ruoyi.develop.controller.SysFileStandardController.remove()', 'DELETE', '1', 'admin', null, '/system/standard/1', '127.0.0.1', 'IP', '{fileIds=1}', '{\"msg\":\"\",\"code\":200}', '0', null, '2021-03-29 11:02:48');
INSERT INTO `sys_oper_log` VALUES ('327', '', '3', 'com.ruoyi.develop.controller.SysFileStandardController.remove()', 'DELETE', '1', 'admin', null, '/system/standard/2', '127.0.0.1', 'IP', '{fileIds=2}', '{\"msg\":\"\",\"code\":200}', '0', null, '2021-03-29 11:04:40');
INSERT INTO `sys_oper_log` VALUES ('328', '', '2', 'com.ruoyi.web.controller.system.SysMenuController.edit()', 'PUT', '1', 'admin', null, '/system/menu', '127.0.0.1', 'IP', '{\"visible\":\"0\",\"icon\":\"tool\",\"orderNum\":\"1\",\"menuName\":\"\",\"params\":{},\"parentId\":0,\"isCache\":\"0\",\"path\":\"toolswarehouse\",\"component\":\"system/toolswarehouse/index\",\"children\":[],\"createTime\":1616663962000,\"updateBy\":\"admin\",\"isFrame\":\"1\",\"menuId\":2034,\"menuType\":\"C\",\"perms\":\"system:toolswarehouse:list\",\"status\":\"0\"}', '{\"msg\":\"\",\"code\":200}', '0', null, '2021-03-29 13:16:44');
INSERT INTO `sys_oper_log` VALUES ('329', '', '3', 'com.ruoyi.develop.controller.SysFileToolswarehouseController.remove()', 'DELETE', '1', 'admin', null, '/system/toolswarehouse/1', '127.0.0.1', 'IP', '{fileIds=1}', '{\"msg\":\"\",\"code\":200}', '0', null, '2021-03-29 13:56:53');
INSERT INTO `sys_oper_log` VALUES ('330', '', '3', 'com.ruoyi.develop.controller.SysFileToolswarehouseController.remove()', 'DELETE', '1', 'admin', null, '/system/toolswarehouse/2', '127.0.0.1', 'IP', '{fileIds=2}', '{\"msg\":\"\",\"code\":200}', '0', null, '2021-03-29 13:58:07');
INSERT INTO `sys_oper_log` VALUES ('331', '', '3', 'com.ruoyi.develop.controller.SysFileToolswarehouseController.remove()', 'DELETE', '1', 'admin', null, '/system/toolswarehouse/3', '127.0.0.1', 'IP', '{fileIds=3}', '{\"msg\":\"\",\"code\":200}', '0', null, '2021-03-29 13:58:41');
INSERT INTO `sys_oper_log` VALUES ('332', '', '2', 'com.ruoyi.web.controller.system.SysMenuController.edit()', 'PUT', '1', 'admin', null, '/system/menu', '127.0.0.1', 'IP', '{\"visible\":\"0\",\"icon\":\"list\",\"orderNum\":\"1\",\"menuName\":\"\",\"params\":{},\"parentId\":0,\"isCache\":\"0\",\"path\":\"standard\",\"component\":\"system/standard/index\",\"children\":[],\"createTime\":1616120947000,\"updateBy\":\"admin\",\"isFrame\":\"1\",\"menuId\":2033,\"menuType\":\"C\",\"perms\":\"system:standard:list\",\"status\":\"0\"}', '{\"msg\":\"\",\"code\":200}', '0', null, '2021-03-29 14:27:06');
INSERT INTO `sys_oper_log` VALUES ('333', '', '2', 'com.ruoyi.web.controller.system.SysMenuController.edit()', 'PUT', '1', 'admin', null, '/system/menu', '127.0.0.1', 'IP', '{\"visible\":\"0\",\"icon\":\"clipboard\",\"orderNum\":\"1\",\"menuName\":\"\",\"params\":{},\"parentId\":0,\"isCache\":\"0\",\"path\":\"info\",\"component\":\"system/info/index\",\"children\":[],\"createTime\":1615886860000,\"updateBy\":\"admin\",\"isFrame\":\"1\",\"menuId\":2026,\"menuType\":\"C\",\"perms\":\"system:info:list\",\"status\":\"0\"}', '{\"msg\":\"\",\"code\":200}', '0', null, '2021-03-29 14:27:49');
INSERT INTO `sys_oper_log` VALUES ('334', '', '1', 'com.ruoyi.web.controller.system.SysMenuController.add()', 'POST', '1', 'admin', null, '/system/menu', '127.0.0.1', 'IP', '{\"visible\":\"0\",\"icon\":\"clipboard\",\"orderNum\":\"1\",\"menuName\":\"productwarehouse\",\"params\":{},\"parentId\":0,\"isCache\":\"0\",\"path\":\"productwarehouse\",\"component\":\"/system/productwarehouse/index\",\"createBy\":\"admin\",\"children\":[],\"isFrame\":\"1\",\"menuType\":\"C\",\"perms\":\"productwarehouse:list\",\"status\":\"0\"}', '{\"msg\":\"\",\"code\":200}', '0', null, '2021-03-29 14:30:17');
INSERT INTO `sys_oper_log` VALUES ('335', '', '2', 'com.ruoyi.web.controller.system.SysMenuController.edit()', 'PUT', '1', 'admin', null, '/system/menu', '127.0.0.1', 'IP', '{\"visible\":\"0\",\"icon\":\"clipboard\",\"orderNum\":\"1\",\"menuName\":\"\",\"params\":{},\"parentId\":0,\"isCache\":\"0\",\"path\":\"productwarehouse\",\"component\":\"/system/productwarehouse/index\",\"children\":[],\"createTime\":1616999417000,\"updateBy\":\"admin\",\"isFrame\":\"1\",\"menuId\":2035,\"menuType\":\"C\",\"perms\":\"system:productwarehouse:list\",\"status\":\"0\"}', '{\"msg\":\"\",\"code\":200}', '0', null, '2021-03-29 14:31:18');
INSERT INTO `sys_oper_log` VALUES ('336', '', '2', 'com.ruoyi.web.controller.system.SysMenuController.edit()', 'PUT', '1', 'admin', null, '/system/menu', '127.0.0.1', 'IP', '{\"visible\":\"0\",\"icon\":\"clipboard\",\"orderNum\":\"1\",\"menuName\":\"\",\"params\":{},\"parentId\":0,\"isCache\":\"0\",\"path\":\"productwarehouse\",\"component\":\"system/productwarehouse/index\",\"children\":[],\"createTime\":1616999417000,\"updateBy\":\"admin\",\"isFrame\":\"1\",\"menuId\":2035,\"menuType\":\"C\",\"perms\":\"system:productwarehouse:list\",\"status\":\"0\"}', '{\"msg\":\"\",\"code\":200}', '0', null, '2021-03-29 14:31:30');
INSERT INTO `sys_oper_log` VALUES ('337', '', '3', 'com.ruoyi.develop.controller.SysFileProductwarehouseController.remove()', 'DELETE', '1', 'admin', null, '/system/productwarehouse/5', '127.0.0.1', 'IP', '{fileIds=5}', '{\"msg\":\"\",\"code\":200}', '0', null, '2021-03-29 15:06:11');
INSERT INTO `sys_oper_log` VALUES ('338', '', '3', 'com.ruoyi.develop.controller.SysFileStandardController.remove()', 'DELETE', '1', 'admin', null, '/system/standard/3', '127.0.0.1', 'IP', '{fileIds=3}', '{\"msg\":\"\",\"code\":200}', '0', null, '2021-04-02 10:24:36');
INSERT INTO `sys_oper_log` VALUES ('339', '', '3', 'com.ruoyi.develop.controller.SysFileToolswarehouseController.remove()', 'DELETE', '1', 'admin', null, '/system/toolswarehouse/4', '127.0.0.1', 'IP', '{fileIds=4}', '{\"msg\":\"\",\"code\":200}', '0', null, '2021-04-02 10:24:44');
INSERT INTO `sys_oper_log` VALUES ('340', '', '3', 'com.ruoyi.activiti.controller.ProcessDefinitionController.delDefinition()', 'DELETE', '1', 'admin', null, '/processDefinition/remove/41221939-935c-11eb-ac84-005056c00001', '127.0.0.1', 'IP', '{deploymentId=41221939-935c-11eb-ac84-005056c00001}', '{\"msg\":\"\",\"code\":200}', '0', null, '2021-04-02 10:39:47');
INSERT INTO `sys_oper_log` VALUES ('341', '', '6', 'com.ruoyi.activiti.controller.ProcessDefinitionController.upload()', 'POST', '1', null, null, '/processDefinition/upload', '127.0.0.1', 'IP', '', '{\"msg\":\"\",\"code\":200,\"data\":\"/profile/upload/processDefinition/2021/04/02/ecbf20ae-1669-4315-889f-bdc2dc374098.bpmn\"}', '0', null, '2021-04-02 11:06:42');
INSERT INTO `sys_oper_log` VALUES ('342', '', '3', 'com.ruoyi.activiti.controller.ProcessDefinitionController.delDefinition()', 'DELETE', '1', 'admin', null, '/processDefinition/remove/9c73089f-9360-11eb-ac84-005056c00001', '127.0.0.1', 'IP', '{deploymentId=9c73089f-9360-11eb-ac84-005056c00001}', '{\"msg\":\"\",\"code\":200}', '0', null, '2021-04-02 11:08:08');
INSERT INTO `sys_oper_log` VALUES ('343', '', '6', 'com.ruoyi.activiti.controller.ProcessDefinitionController.upload()', 'POST', '1', null, null, '/processDefinition/upload', '127.0.0.1', 'IP', '', '{\"msg\":\"\",\"code\":200,\"data\":\"/profile/upload/processDefinition/2021/04/02/130537fd-0edc-4258-86a1-bc38eb18bcbe.bpmn\"}', '0', null, '2021-04-02 11:08:21');
INSERT INTO `sys_oper_log` VALUES ('344', '', '6', 'com.ruoyi.activiti.controller.ProcessDefinitionController.upload()', 'POST', '1', null, null, '/processDefinition/upload', '127.0.0.1', 'IP', '', '{\"msg\":\"\",\"code\":200,\"data\":\"/profile/upload/processDefinition/2021/04/02/bf21aaff-e0fe-4c34-a176-e43b6774d473.bpmn\"}', '0', null, '2021-04-02 11:09:33');
INSERT INTO `sys_oper_log` VALUES ('345', '', '6', 'com.ruoyi.activiti.controller.ProcessDefinitionController.upload()', 'POST', '1', null, null, '/processDefinition/upload', '127.0.0.1', 'IP', '', '{\"msg\":\"\",\"code\":200,\"data\":\"/profile/upload/processDefinition/2021/04/02/86d1545e-a5f2-4b05-9033-67acc65d34da.bpmn\"}', '0', null, '2021-04-02 11:10:53');
INSERT INTO `sys_oper_log` VALUES ('346', '', '6', 'com.ruoyi.activiti.controller.ProcessDefinitionController.upload()', 'POST', '1', null, null, '/processDefinition/upload', '127.0.0.1', 'IP', '', '{\"msg\":\"\",\"code\":200,\"data\":\"/profile/upload/processDefinition/2021/04/02/101ddc6a-31c7-4726-8b20-2ca1d4f3e417.bpmn\"}', '0', null, '2021-04-02 11:11:56');
INSERT INTO `sys_oper_log` VALUES ('347', '', '6', 'com.ruoyi.activiti.controller.ProcessDefinitionController.upload()', 'POST', '1', null, null, '/processDefinition/upload', '127.0.0.1', 'IP', '', '{\"msg\":\"\",\"code\":200,\"data\":\"/profile/upload/processDefinition/2021/04/02/f0095725-9638-46d5-a67f-3a2d7b04b2f7.bpmn\"}', '0', null, '2021-04-02 11:17:41');
INSERT INTO `sys_oper_log` VALUES ('348', '', '2', 'com.ruoyi.web.controller.system.SysRoleController.edit()', 'PUT', '1', 'admin', null, '/system/role', '127.0.0.1', 'IP', '{\"flag\":false,\"roleId\":1,\"admin\":true,\"remark\":\"\",\"dataScope\":\"1\",\"delFlag\":\"0\",\"params\":{},\"roleSort\":\"1\",\"deptCheckStrictly\":true,\"createTime\":1603348024000,\"menuCheckStrictly\":true,\"roleKey\":\"admin\",\"roleName\":\"\",\"menuIds\":[2008,2027,2028,2029,2030,2031,2032],\"status\":\"0\"}', 'null', '1', '', '2021-04-02 11:25:30');
INSERT INTO `sys_oper_log` VALUES ('349', '', '2', 'com.ruoyi.web.controller.system.SysRoleController.edit()', 'PUT', '1', 'admin', null, '/system/role', '127.0.0.1', 'IP', '{\"flag\":false,\"roleId\":1,\"admin\":true,\"remark\":\"\",\"dataScope\":\"1\",\"delFlag\":\"0\",\"params\":{},\"roleSort\":\"1\",\"deptCheckStrictly\":true,\"createTime\":1603348024000,\"menuCheckStrictly\":true,\"roleKey\":\"admin\",\"roleName\":\"\",\"menuIds\":[],\"status\":\"0\"}', 'null', '1', '', '2021-04-02 11:25:36');
INSERT INTO `sys_oper_log` VALUES ('350', '', '1', 'com.ruoyi.web.controller.system.SysMenuController.add()', 'POST', '1', 'admin', null, '/system/menu', '127.0.0.1', 'IP', '{\"visible\":\"0\",\"orderNum\":\"3\",\"menuName\":\"\",\"params\":{},\"parentId\":2008,\"isCache\":\"0\",\"path\":\"implement\",\"component\":\"workflow/implement/index\",\"createBy\":\"admin\",\"children\":[],\"isFrame\":\"1\",\"menuType\":\"C\",\"perms\":\"workflow:implement:index\",\"status\":\"0\"}', '{\"msg\":\"\",\"code\":200}', '0', null, '2021-04-02 11:32:44');
INSERT INTO `sys_oper_log` VALUES ('351', '', '1', 'com.ruoyi.web.controller.system.SysMenuController.add()', 'POST', '1', 'admin', null, '/system/menu', '127.0.0.1', 'IP', '{\"visible\":\"0\",\"orderNum\":\"1\",\"menuName\":\"1\",\"params\":{},\"parentId\":2036,\"isCache\":\"0\",\"createBy\":\"admin\",\"children\":[],\"isFrame\":\"1\",\"menuType\":\"F\",\"perms\":\"1\",\"status\":\"0\"}', '{\"msg\":\"\",\"code\":200}', '0', null, '2021-04-02 11:47:09');
INSERT INTO `sys_oper_log` VALUES ('352', '', '2', 'com.ruoyi.web.controller.system.SysMenuController.edit()', 'PUT', '1', 'admin', null, '/system/menu', '127.0.0.1', 'IP', '{\"visible\":\"0\",\"icon\":\"#\",\"orderNum\":\"2\",\"menuName\":\"\",\"params\":{},\"parentId\":2008,\"isCache\":\"0\",\"path\":\"enforce\",\"component\":\"workflow/enforce/index\",\"children\":[],\"createTime\":1615887079000,\"updateBy\":\"admin\",\"isFrame\":\"1\",\"menuId\":2036,\"menuType\":\"C\",\"perms\":\"workflow:enforce:index\",\"status\":\"0\"}', '{\"msg\":\"\",\"code\":200}', '0', null, '2021-04-09 11:03:47');
INSERT INTO `sys_oper_log` VALUES ('353', '', '2', 'com.ruoyi.web.controller.system.SysMenuController.edit()', 'PUT', '1', 'admin', null, '/system/menu', '127.0.0.1', 'IP', '{\"visible\":\"0\",\"icon\":\"#\",\"orderNum\":\"2\",\"menuName\":\"\",\"params\":{},\"parentId\":2008,\"isCache\":\"0\",\"path\":\"enforce\",\"component\":\"workflow/summarize/index\",\"children\":[],\"createTime\":1615887079000,\"updateBy\":\"admin\",\"isFrame\":\"1\",\"menuId\":2044,\"menuType\":\"C\",\"perms\":\"workflow:summarize:index\",\"status\":\"0\"}', '{\"msg\":\"\",\"code\":200}', '0', null, '2021-04-09 11:03:56');
INSERT INTO `sys_oper_log` VALUES ('354', '', '2', 'com.ruoyi.web.controller.system.SysMenuController.edit()', 'PUT', '1', 'admin', null, '/system/menu', '127.0.0.1', 'IP', '{\"visible\":\"0\",\"icon\":\"#\",\"orderNum\":\"1\",\"menuName\":\"\",\"params\":{},\"parentId\":2036,\"isCache\":\"0\",\"path\":\"\",\"component\":\"\",\"children\":[],\"createTime\":1617335126000,\"updateBy\":\"admin\",\"isFrame\":\"1\",\"menuId\":2037,\"menuType\":\"F\",\"perms\":\"workflow:enforce:query\",\"status\":\"0\"}', '{\"msg\":\"\",\"code\":200}', '0', null, '2021-04-09 11:04:03');

-- ----------------------------
-- Table structure for sys_post
-- ----------------------------
DROP TABLE IF EXISTS `sys_post`;
CREATE TABLE `sys_post` (
  `post_id` bigint(20) NOT NULL AUTO_INCREMENT COMMENT 'ID',
  `post_code` varchar(64) NOT NULL COMMENT '',
  `post_name` varchar(50) NOT NULL COMMENT '',
  `post_sort` int(4) NOT NULL COMMENT '',
  `status` char(1) NOT NULL COMMENT '0 1',
  `create_by` varchar(64) DEFAULT '' COMMENT '',
  `create_time` datetime DEFAULT NULL COMMENT '',
  `update_by` varchar(64) DEFAULT '' COMMENT '',
  `update_time` datetime DEFAULT NULL COMMENT '',
  `remark` varchar(500) DEFAULT NULL COMMENT '',
  PRIMARY KEY (`post_id`) USING BTREE
) ENGINE=InnoDB AUTO_INCREMENT=5 DEFAULT CHARSET=utf8 ROW_FORMAT=DYNAMIC COMMENT='';

-- ----------------------------
-- Records of sys_post
-- ----------------------------
INSERT INTO `sys_post` VALUES ('1', 'ceo', '', '1', '0', 'admin', '2020-10-22 14:27:04', '', null, '');
INSERT INTO `sys_post` VALUES ('2', 'se', '', '2', '0', 'admin', '2020-10-22 14:27:04', 'admin', '2020-11-04 14:39:36', '');
INSERT INTO `sys_post` VALUES ('3', 'hr', '', '3', '0', 'admin', '2020-10-22 14:27:04', '', null, '');
INSERT INTO `sys_post` VALUES ('4', 'user', '', '4', '0', 'admin', '2020-10-22 14:27:04', '', null, '');

-- ----------------------------
-- Table structure for sys_role
-- ----------------------------
DROP TABLE IF EXISTS `sys_role`;
CREATE TABLE `sys_role` (
  `role_id` bigint(20) NOT NULL AUTO_INCREMENT COMMENT 'ID',
  `role_name` varchar(30) NOT NULL COMMENT '',
  `role_key` varchar(100) NOT NULL COMMENT '',
  `role_sort` int(4) NOT NULL COMMENT '',
  `data_scope` char(1) DEFAULT '1' COMMENT '1 2 3 4',
  `menu_check_strictly` tinyint(1) DEFAULT '1' COMMENT '',
  `dept_check_strictly` tinyint(1) DEFAULT '1' COMMENT '',
  `status` char(1) NOT NULL COMMENT '0 1',
  `del_flag` char(1) DEFAULT '0' COMMENT '0 2',
  `create_by` varchar(64) DEFAULT '' COMMENT '',
  `create_time` datetime DEFAULT NULL COMMENT '',
  `update_by` varchar(64) DEFAULT '' COMMENT '',
  `update_time` datetime DEFAULT NULL COMMENT '',
  `remark` varchar(500) DEFAULT NULL COMMENT '',
  PRIMARY KEY (`role_id`) USING BTREE
) ENGINE=InnoDB AUTO_INCREMENT=103 DEFAULT CHARSET=utf8 ROW_FORMAT=DYNAMIC COMMENT='';

-- ----------------------------
-- Records of sys_role
-- ----------------------------
INSERT INTO `sys_role` VALUES ('1', '', 'admin', '1', '1', '1', '1', '0', '0', 'admin', '2020-10-22 14:27:04', '', null, '');
INSERT INTO `sys_role` VALUES ('2', '', 'common', '2', '5', '1', '1', '0', '0', 'admin', '2020-10-22 14:27:04', 'admin', '2021-03-17 15:47:02', '');
INSERT INTO `sys_role` VALUES ('100', 'OA', 'dept', '3', '4', '1', '1', '0', '0', 'admin', '2020-11-10 22:26:07', '', '2020-11-10 22:27:52', null);
INSERT INTO `sys_role` VALUES ('101', '', 'ceshi admin', '1', '1', '1', '1', '0', '0', 'admin', '2020-12-11 17:04:38', '', null, null);
INSERT INTO `sys_role` VALUES ('102', '1', '1', '3', '1', '1', '1', '0', '2', 'admin', '2021-03-17 15:47:57', '', null, null);

-- ----------------------------
-- Table structure for sys_role_dept
-- ----------------------------
DROP TABLE IF EXISTS `sys_role_dept`;
CREATE TABLE `sys_role_dept` (
  `role_id` bigint(20) NOT NULL COMMENT 'ID',
  `dept_id` bigint(20) NOT NULL COMMENT 'ID',
  PRIMARY KEY (`role_id`,`dept_id`) USING BTREE
) ENGINE=InnoDB DEFAULT CHARSET=utf8 ROW_FORMAT=DYNAMIC COMMENT='';

-- ----------------------------
-- Records of sys_role_dept
-- ----------------------------
INSERT INTO `sys_role_dept` VALUES ('2', '100');
INSERT INTO `sys_role_dept` VALUES ('2', '105');

-- ----------------------------
-- Table structure for sys_role_menu
-- ----------------------------
DROP TABLE IF EXISTS `sys_role_menu`;
CREATE TABLE `sys_role_menu` (
  `role_id` bigint(20) NOT NULL COMMENT 'ID',
  `menu_id` bigint(20) NOT NULL COMMENT 'ID',
  PRIMARY KEY (`role_id`,`menu_id`) USING BTREE
) ENGINE=InnoDB DEFAULT CHARSET=utf8 ROW_FORMAT=DYNAMIC COMMENT='';

-- ----------------------------
-- Records of sys_role_menu
-- ----------------------------
INSERT INTO `sys_role_menu` VALUES ('2', '2000');
INSERT INTO `sys_role_menu` VALUES ('2', '2001');
INSERT INTO `sys_role_menu` VALUES ('2', '2002');
INSERT INTO `sys_role_menu` VALUES ('2', '2003');
INSERT INTO `sys_role_menu` VALUES ('2', '2004');
INSERT INTO `sys_role_menu` VALUES ('2', '2005');
INSERT INTO `sys_role_menu` VALUES ('2', '2006');
INSERT INTO `sys_role_menu` VALUES ('2', '2007');
INSERT INTO `sys_role_menu` VALUES ('2', '2008');
INSERT INTO `sys_role_menu` VALUES ('100', '2000');
INSERT INTO `sys_role_menu` VALUES ('100', '2001');
INSERT INTO `sys_role_menu` VALUES ('100', '2002');
INSERT INTO `sys_role_menu` VALUES ('100', '2003');
INSERT INTO `sys_role_menu` VALUES ('100', '2004');
INSERT INTO `sys_role_menu` VALUES ('100', '2005');
INSERT INTO `sys_role_menu` VALUES ('100', '2006');
INSERT INTO `sys_role_menu` VALUES ('100', '2007');
INSERT INTO `sys_role_menu` VALUES ('100', '2008');
INSERT INTO `sys_role_menu` VALUES ('100', '2009');
INSERT INTO `sys_role_menu` VALUES ('100', '2010');
INSERT INTO `sys_role_menu` VALUES ('101', '1');
INSERT INTO `sys_role_menu` VALUES ('101', '2');
INSERT INTO `sys_role_menu` VALUES ('101', '3');
INSERT INTO `sys_role_menu` VALUES ('101', '4');
INSERT INTO `sys_role_menu` VALUES ('101', '5');
INSERT INTO `sys_role_menu` VALUES ('101', '100');
INSERT INTO `sys_role_menu` VALUES ('101', '101');
INSERT INTO `sys_role_menu` VALUES ('101', '102');
INSERT INTO `sys_role_menu` VALUES ('101', '103');
INSERT INTO `sys_role_menu` VALUES ('101', '104');
INSERT INTO `sys_role_menu` VALUES ('101', '105');
INSERT INTO `sys_role_menu` VALUES ('101', '106');
INSERT INTO `sys_role_menu` VALUES ('101', '107');
INSERT INTO `sys_role_menu` VALUES ('101', '108');
INSERT INTO `sys_role_menu` VALUES ('101', '109');
INSERT INTO `sys_role_menu` VALUES ('101', '110');
INSERT INTO `sys_role_menu` VALUES ('101', '111');
INSERT INTO `sys_role_menu` VALUES ('101', '112');
INSERT INTO `sys_role_menu` VALUES ('101', '113');
INSERT INTO `sys_role_menu` VALUES ('101', '114');
INSERT INTO `sys_role_menu` VALUES ('101', '115');
INSERT INTO `sys_role_menu` VALUES ('101', '500');
INSERT INTO `sys_role_menu` VALUES ('101', '501');
INSERT INTO `sys_role_menu` VALUES ('101', '1001');
INSERT INTO `sys_role_menu` VALUES ('101', '1002');
INSERT INTO `sys_role_menu` VALUES ('101', '1003');
INSERT INTO `sys_role_menu` VALUES ('101', '1004');
INSERT INTO `sys_role_menu` VALUES ('101', '1005');
INSERT INTO `sys_role_menu` VALUES ('101', '1006');
INSERT INTO `sys_role_menu` VALUES ('101', '1007');
INSERT INTO `sys_role_menu` VALUES ('101', '1008');
INSERT INTO `sys_role_menu` VALUES ('101', '1009');
INSERT INTO `sys_role_menu` VALUES ('101', '1010');
INSERT INTO `sys_role_menu` VALUES ('101', '1011');
INSERT INTO `sys_role_menu` VALUES ('101', '1012');
INSERT INTO `sys_role_menu` VALUES ('101', '1013');
INSERT INTO `sys_role_menu` VALUES ('101', '1014');
INSERT INTO `sys_role_menu` VALUES ('101', '1015');
INSERT INTO `sys_role_menu` VALUES ('101', '1016');
INSERT INTO `sys_role_menu` VALUES ('101', '1017');
INSERT INTO `sys_role_menu` VALUES ('101', '1018');
INSERT INTO `sys_role_menu` VALUES ('101', '1019');
INSERT INTO `sys_role_menu` VALUES ('101', '1020');
INSERT INTO `sys_role_menu` VALUES ('101', '1021');
INSERT INTO `sys_role_menu` VALUES ('101', '1022');
INSERT INTO `sys_role_menu` VALUES ('101', '1023');
INSERT INTO `sys_role_menu` VALUES ('101', '1024');
INSERT INTO `sys_role_menu` VALUES ('101', '1025');
INSERT INTO `sys_role_menu` VALUES ('101', '1026');
INSERT INTO `sys_role_menu` VALUES ('101', '1027');
INSERT INTO `sys_role_menu` VALUES ('101', '1028');
INSERT INTO `sys_role_menu` VALUES ('101', '1029');
INSERT INTO `sys_role_menu` VALUES ('101', '1030');
INSERT INTO `sys_role_menu` VALUES ('101', '1031');
INSERT INTO `sys_role_menu` VALUES ('101', '1032');
INSERT INTO `sys_role_menu` VALUES ('101', '1033');
INSERT INTO `sys_role_menu` VALUES ('101', '1034');
INSERT INTO `sys_role_menu` VALUES ('101', '1035');
INSERT INTO `sys_role_menu` VALUES ('101', '1036');
INSERT INTO `sys_role_menu` VALUES ('101', '1037');
INSERT INTO `sys_role_menu` VALUES ('101', '1038');
INSERT INTO `sys_role_menu` VALUES ('101', '1039');
INSERT INTO `sys_role_menu` VALUES ('101', '1040');
INSERT INTO `sys_role_menu` VALUES ('101', '1041');
INSERT INTO `sys_role_menu` VALUES ('101', '1042');
INSERT INTO `sys_role_menu` VALUES ('101', '1043');
INSERT INTO `sys_role_menu` VALUES ('101', '1044');
INSERT INTO `sys_role_menu` VALUES ('101', '1045');
INSERT INTO `sys_role_menu` VALUES ('101', '1046');
INSERT INTO `sys_role_menu` VALUES ('101', '1047');
INSERT INTO `sys_role_menu` VALUES ('101', '1048');
INSERT INTO `sys_role_menu` VALUES ('101', '1049');
INSERT INTO `sys_role_menu` VALUES ('101', '1050');
INSERT INTO `sys_role_menu` VALUES ('101', '1051');
INSERT INTO `sys_role_menu` VALUES ('101', '1052');
INSERT INTO `sys_role_menu` VALUES ('101', '1053');
INSERT INTO `sys_role_menu` VALUES ('101', '1054');
INSERT INTO `sys_role_menu` VALUES ('101', '1055');
INSERT INTO `sys_role_menu` VALUES ('101', '1056');
INSERT INTO `sys_role_menu` VALUES ('101', '1057');
INSERT INTO `sys_role_menu` VALUES ('101', '1058');
INSERT INTO `sys_role_menu` VALUES ('101', '1059');
INSERT INTO `sys_role_menu` VALUES ('101', '1060');
INSERT INTO `sys_role_menu` VALUES ('101', '1901');
INSERT INTO `sys_role_menu` VALUES ('101', '2000');
INSERT INTO `sys_role_menu` VALUES ('101', '2001');
INSERT INTO `sys_role_menu` VALUES ('101', '2002');
INSERT INTO `sys_role_menu` VALUES ('101', '2003');
INSERT INTO `sys_role_menu` VALUES ('101', '2004');
INSERT INTO `sys_role_menu` VALUES ('101', '2005');
INSERT INTO `sys_role_menu` VALUES ('101', '2006');
INSERT INTO `sys_role_menu` VALUES ('101', '2007');
INSERT INTO `sys_role_menu` VALUES ('101', '2008');
INSERT INTO `sys_role_menu` VALUES ('101', '2009');
INSERT INTO `sys_role_menu` VALUES ('101', '2010');
INSERT INTO `sys_role_menu` VALUES ('102', '3');
INSERT INTO `sys_role_menu` VALUES ('102', '113');
INSERT INTO `sys_role_menu` VALUES ('102', '114');
INSERT INTO `sys_role_menu` VALUES ('102', '115');
INSERT INTO `sys_role_menu` VALUES ('102', '1055');
INSERT INTO `sys_role_menu` VALUES ('102', '1056');
INSERT INTO `sys_role_menu` VALUES ('102', '1057');
INSERT INTO `sys_role_menu` VALUES ('102', '1058');
INSERT INTO `sys_role_menu` VALUES ('102', '1059');
INSERT INTO `sys_role_menu` VALUES ('102', '1060');
INSERT INTO `sys_role_menu` VALUES ('102', '2014');
INSERT INTO `sys_role_menu` VALUES ('102', '2015');
INSERT INTO `sys_role_menu` VALUES ('102', '2016');
INSERT INTO `sys_role_menu` VALUES ('102', '2017');
INSERT INTO `sys_role_menu` VALUES ('102', '2018');
INSERT INTO `sys_role_menu` VALUES ('102', '2019');
INSERT INTO `sys_role_menu` VALUES ('102', '2020');
INSERT INTO `sys_role_menu` VALUES ('102', '2021');
INSERT INTO `sys_role_menu` VALUES ('102', '2022');
INSERT INTO `sys_role_menu` VALUES ('102', '2023');
INSERT INTO `sys_role_menu` VALUES ('102', '2024');
INSERT INTO `sys_role_menu` VALUES ('102', '2025');

-- ----------------------------
-- Table structure for sys_user
-- ----------------------------
DROP TABLE IF EXISTS `sys_user`;
CREATE TABLE `sys_user` (
  `user_id` bigint(20) NOT NULL AUTO_INCREMENT COMMENT 'ID',
  `dept_id` bigint(20) DEFAULT NULL COMMENT 'ID',
  `user_name` varchar(30) NOT NULL COMMENT '',
  `nick_name` varchar(30) NOT NULL COMMENT '',
  `user_type` varchar(2) DEFAULT '00' COMMENT '00',
  `email` varchar(50) DEFAULT '' COMMENT '',
  `phonenumber` varchar(11) DEFAULT '' COMMENT '',
  `sex` char(1) DEFAULT '0' COMMENT '0 1 2',
  `avatar` varchar(256) DEFAULT '' COMMENT '',
  `password` varchar(100) DEFAULT '' COMMENT '',
  `status` char(1) DEFAULT '0' COMMENT '0 1',
  `del_flag` char(1) DEFAULT '0' COMMENT '0 2',
  `login_ip` varchar(50) DEFAULT '' COMMENT 'IP',
  `login_date` datetime DEFAULT NULL COMMENT '',
  `create_by` varchar(64) DEFAULT '' COMMENT '',
  `create_time` datetime DEFAULT NULL COMMENT '',
  `update_by` varchar(64) DEFAULT '' COMMENT '',
  `update_time` datetime DEFAULT NULL COMMENT '',
  `remark` varchar(500) DEFAULT NULL COMMENT '',
  PRIMARY KEY (`user_id`) USING BTREE
) ENGINE=InnoDB AUTO_INCREMENT=105 DEFAULT CHARSET=utf8 ROW_FORMAT=DYNAMIC COMMENT='';

-- ----------------------------
-- Records of sys_user
-- ----------------------------
INSERT INTO `sys_user` VALUES ('1', '103', 'admin', '', '00', 'ry@163.com', '15888888888', '1', '/profile/avatar/2020/12/11/0486cd9d-3c14-4f48-a354-391d17da0889.jpeg', '$2a$10$7JB720yubVSZvUI0rEqK/.VqGOZTH.ulu33dHOiBE8ByOhJIrdAu2', '0', '0', '127.0.0.1', '2020-10-22 14:27:04', 'admin', '2020-10-22 14:27:04', '', null, '');
INSERT INTO `sys_user` VALUES ('2', '105', 'ry', '', '00', 'ry@qq.com', '15666666666', '0', '', '$2a$10$7JB720yubVSZvUI0rEqK/.VqGOZTH.ulu33dHOiBE8ByOhJIrdAu2', '0', '0', '127.0.0.1', '2020-10-22 14:27:04', 'admin', '2020-10-22 14:27:04', 'admin', '2021-03-16 17:23:26', '');
INSERT INTO `sys_user` VALUES ('100', '103', 'guanxing', '', '00', '1@ry.com', '18600000001', '0', '', '$2a$10$ekiSpWpUVv8/WuUS1up8XuNah.FVbJ5ZC9XdvqWxBE5qc2qP6KF6W', '0', '0', '', null, 'admin', '2020-11-04 14:39:07', 'admin', '2020-11-10 22:29:48', null);
INSERT INTO `sys_user` VALUES ('101', '103', 'guanyu', '', '00', '2@ry.com', '18600000002', '0', '', '$2a$10$CT.xyhiTacc9V.X8YFfdDeaU68Li9C9MNpAssJ/W4v.1MC.AtiOsa', '0', '0', '', null, 'admin', '2020-11-04 14:40:43', 'admin', '2020-11-10 22:30:29', null);
INSERT INTO `sys_user` VALUES ('102', '100', 'zhugeliang', '', '00', '3@ry.com', '18600000003', '0', '', '$2a$10$iOYs0XUxmyOF5PDxNGyNt.qf6.LpUzBPRBhbIAwlmrN7lgjjBd0KO', '0', '0', '', null, 'admin', '2020-11-04 14:41:37', 'admin', '2020-11-10 22:30:37', null);
INSERT INTO `sys_user` VALUES ('103', '103', 'zhaoyun', '', '00', '4@ry.com', '18600000004', '0', '', '$2a$10$JILiC3cILDSk0EgDprEr9OS1pNxp9fM8vuXBC.VRxds.bwHFE/gba', '0', '0', '', null, 'admin', '2020-11-08 15:52:30', 'admin', '2020-11-10 22:30:44', null);
INSERT INTO `sys_user` VALUES ('104', '103', 'zhoucang', '', '00', '5@ry.com', '18600000005', '0', '', '$2a$10$ekiSpWpUVv8/WuUS1up8XuNah.FVbJ5ZC9XdvqWxBE5qc2qP6KF6W', '0', '0', '', null, 'admin', '2020-11-04 14:39:07', 'admin', '2020-11-10 22:29:48', null);

-- ----------------------------
-- Table structure for sys_user_post
-- ----------------------------
DROP TABLE IF EXISTS `sys_user_post`;
CREATE TABLE `sys_user_post` (
  `user_id` bigint(20) NOT NULL COMMENT 'ID',
  `post_id` bigint(20) NOT NULL COMMENT 'ID',
  PRIMARY KEY (`user_id`,`post_id`) USING BTREE
) ENGINE=InnoDB DEFAULT CHARSET=utf8 ROW_FORMAT=DYNAMIC COMMENT='';

-- ----------------------------
-- Records of sys_user_post
-- ----------------------------
INSERT INTO `sys_user_post` VALUES ('1', '1');
INSERT INTO `sys_user_post` VALUES ('2', '3');
INSERT INTO `sys_user_post` VALUES ('100', '4');
INSERT INTO `sys_user_post` VALUES ('101', '2');
INSERT INTO `sys_user_post` VALUES ('102', '3');
INSERT INTO `sys_user_post` VALUES ('103', '2');

-- ----------------------------
-- Table structure for sys_user_role
-- ----------------------------
DROP TABLE IF EXISTS `sys_user_role`;
CREATE TABLE `sys_user_role` (
  `user_id` bigint(20) NOT NULL COMMENT 'ID',
  `role_id` bigint(20) NOT NULL COMMENT 'ID',
  PRIMARY KEY (`user_id`,`role_id`) USING BTREE
) ENGINE=InnoDB DEFAULT CHARSET=utf8 ROW_FORMAT=DYNAMIC COMMENT='';

-- ----------------------------
-- Records of sys_user_role
-- ----------------------------
INSERT INTO `sys_user_role` VALUES ('1', '1');
INSERT INTO `sys_user_role` VALUES ('2', '2');
INSERT INTO `sys_user_role` VALUES ('100', '2');
INSERT INTO `sys_user_role` VALUES ('101', '100');
INSERT INTO `sys_user_role` VALUES ('102', '100');
INSERT INTO `sys_user_role` VALUES ('103', '100');

-- ----------------------------
-- Table structure for workflow_enforce
-- ----------------------------
DROP TABLE IF EXISTS `workflow_enforce`;
CREATE TABLE `workflow_enforce` (
  `id` varchar(36) NOT NULL COMMENT 'ID',
  `type` char(36) DEFAULT NULL COMMENT '',
  `title` varchar(100) DEFAULT NULL COMMENT '',
  `reason` varchar(500) DEFAULT NULL COMMENT '',
  `enforce_start_time` date DEFAULT NULL COMMENT '',
  `enforce_end_time` date DEFAULT NULL COMMENT '',
  `instance_id` varchar(36) DEFAULT NULL COMMENT 'ID',
  `state` char(1) DEFAULT NULL COMMENT '',
  `create_name` varchar(36) DEFAULT NULL COMMENT '',
  `create_by` varchar(64) NOT NULL DEFAULT '' COMMENT '',
  `create_time` datetime DEFAULT NULL COMMENT '',
  `update_time` datetime DEFAULT NULL COMMENT '',
  `real_name` varchar(255) DEFAULT NULL,
  `show_name` varchar(255) DEFAULT NULL,
  `file_path` varchar(255) DEFAULT NULL,
  PRIMARY KEY (`id`,`create_by`)
) ENGINE=InnoDB DEFAULT CHARSET=utf8 ROW_FORMAT=DYNAMIC COMMENT='';

-- ----------------------------
-- Records of workflow_enforce
-- ----------------------------
INSERT INTO `workflow_enforce` VALUES ('8e303256-70fa-40b9-a501-736b6e465b99', '', '', 'saa', '2020-12-02', '2020-12-11', '1e628dd5-4a7b-11eb-ba86-5aa02364495c', '0', '', 'zhugeliang', '2020-12-30 16:43:42', null, null, null, null);

-- ----------------------------
-- Table structure for workflow_finalinspection
-- ----------------------------
DROP TABLE IF EXISTS `workflow_finalinspection`;
CREATE TABLE `workflow_finalinspection` (
  `id` varchar(36) NOT NULL COMMENT 'ID',
  `type` char(36) DEFAULT NULL COMMENT '',
  `title` varchar(100) DEFAULT NULL COMMENT '',
  `reason` varchar(500) DEFAULT NULL COMMENT '',
  `summarize_start_time` date DEFAULT NULL COMMENT '',
  `summarize_end_time` date DEFAULT NULL COMMENT '',
  `instance_id` varchar(36) DEFAULT NULL COMMENT 'ID',
  `state` char(1) DEFAULT NULL COMMENT '',
  `create_name` varchar(36) DEFAULT NULL COMMENT '',
  `create_by` varchar(64) NOT NULL DEFAULT '' COMMENT '',
  `create_time` datetime DEFAULT NULL COMMENT '',
  `update_time` datetime DEFAULT NULL COMMENT '',
  `real_name` varchar(255) DEFAULT NULL,
  `show_name` varchar(255) DEFAULT NULL,
  `file_path` varchar(255) DEFAULT NULL,
  PRIMARY KEY (`id`,`create_by`)
) ENGINE=InnoDB DEFAULT CHARSET=utf8 ROW_FORMAT=DYNAMIC COMMENT='';

-- ----------------------------
-- Records of workflow_finalinspection
-- ----------------------------
INSERT INTO `workflow_finalinspection` VALUES ('8e303256-70fa-40b9-a501-736b6e465b99', '', '', 'saa', '2020-12-02', '2020-12-11', '1e628dd5-4a7b-11eb-ba86-5aa02364495c', '0', '', 'zhugeliang', '2020-12-30 16:43:42', null, null, null, null);

-- ----------------------------
-- Table structure for workflow_firstcheck
-- ----------------------------
DROP TABLE IF EXISTS `workflow_firstcheck`;
CREATE TABLE `workflow_firstcheck` (
  `id` varchar(36) NOT NULL COMMENT 'ID',
  `type` char(36) DEFAULT NULL COMMENT '',
  `title` varchar(100) DEFAULT NULL COMMENT '',
  `reason` varchar(500) DEFAULT NULL COMMENT '',
  `firstchck_start_time` date DEFAULT NULL COMMENT '',
  `firstchck_end_time` date DEFAULT NULL COMMENT '',
  `instance_id` varchar(36) DEFAULT NULL COMMENT 'ID',
  `state` char(1) DEFAULT NULL COMMENT '',
  `create_name` varchar(36) DEFAULT NULL COMMENT '',
  `create_by` varchar(64) NOT NULL DEFAULT '' COMMENT '',
  `create_time` datetime DEFAULT NULL COMMENT '',
  `update_time` datetime DEFAULT NULL COMMENT '',
  `real_name` varchar(255) DEFAULT NULL,
  `show_name` varchar(255) DEFAULT NULL,
  `file_path` varchar(255) DEFAULT NULL,
  PRIMARY KEY (`id`,`create_by`)
) ENGINE=InnoDB DEFAULT CHARSET=utf8 ROW_FORMAT=DYNAMIC COMMENT='';

-- ----------------------------
-- Records of workflow_firstcheck
-- ----------------------------
INSERT INTO `workflow_firstcheck` VALUES ('8e303256-70fa-40b9-a501-736b6e465b99', '', '', 'saa', '2020-12-02', '2020-12-11', '1e628dd5-4a7b-11eb-ba86-5aa02364495c', '0', '', 'zhugeliang', '2020-12-30 16:43:42', null, null, null, null);

-- ----------------------------
-- Table structure for workflow_leave
-- ----------------------------
DROP TABLE IF EXISTS `workflow_leave`;
CREATE TABLE `workflow_leave` (
  `id` varchar(36) NOT NULL COMMENT 'ID',
  `type` char(36) DEFAULT NULL COMMENT '',
  `title` varchar(100) DEFAULT NULL COMMENT '',
  `reason` varchar(500) DEFAULT NULL COMMENT '',
  `leave_start_time` date DEFAULT NULL COMMENT '',
  `leave_end_time` date DEFAULT NULL COMMENT '',
  `attachment_link` varchar(2048) DEFAULT NULL COMMENT '',
  `instance_id` varchar(36) DEFAULT NULL COMMENT 'ID',
  `state` char(1) DEFAULT NULL COMMENT '',
  `create_name` varchar(36) DEFAULT NULL COMMENT '',
  `create_by` varchar(64) DEFAULT '' COMMENT '',
  `create_time` datetime DEFAULT NULL COMMENT '',
  `update_time` datetime DEFAULT NULL COMMENT '',
  PRIMARY KEY (`id`) USING BTREE
) ENGINE=InnoDB DEFAULT CHARSET=utf8 ROW_FORMAT=DYNAMIC COMMENT='';

-- ----------------------------
-- Records of workflow_leave
-- ----------------------------
INSERT INTO `workflow_leave` VALUES ('8e303256-70fa-40b9-a501-736b6e465b99', '', '', 'saa', '2020-12-02', '2020-12-11', null, '1e628dd5-4a7b-11eb-ba86-5aa02364495c', '0', '', 'zhugeliang', '2020-12-30 16:43:42', null);

-- ----------------------------
-- Table structure for workflow_requirement
-- ----------------------------
DROP TABLE IF EXISTS `workflow_requirement`;
CREATE TABLE `workflow_requirement` (
  `id` varchar(36) NOT NULL COMMENT 'ID',
  `type` char(36) DEFAULT NULL COMMENT '',
  `title` varchar(100) DEFAULT NULL COMMENT '',
  `reason` varchar(500) DEFAULT NULL COMMENT '',
  `requirement_start_time` date DEFAULT NULL COMMENT '',
  `requirement_end_time` date DEFAULT NULL COMMENT '',
  `instance_id` varchar(36) DEFAULT NULL COMMENT 'ID',
  `state` char(1) DEFAULT NULL COMMENT '',
  `create_name` varchar(36) DEFAULT NULL COMMENT '',
  `create_by` varchar(64) NOT NULL DEFAULT '' COMMENT '',
  `create_time` datetime DEFAULT NULL COMMENT '',
  `update_time` datetime DEFAULT NULL COMMENT '',
  `real_name` varchar(255) DEFAULT NULL,
  `show_name` varchar(255) DEFAULT NULL,
  `file_path` varchar(255) DEFAULT NULL,
  PRIMARY KEY (`id`,`create_by`)
) ENGINE=InnoDB DEFAULT CHARSET=utf8 ROW_FORMAT=DYNAMIC COMMENT='';

-- ----------------------------
-- Records of workflow_requirement
-- ----------------------------
INSERT INTO `workflow_requirement` VALUES ('8e303256-70fa-40b9-a501-736b6e465b99', '', '', 'saa', '2020-12-02', '2020-12-11', '1e628dd5-4a7b-11eb-ba86-5aa02364495c', '0', '', 'zhugeliang', '2020-12-30 16:43:42', null, null, null, null);

-- ----------------------------
-- Table structure for workflow_summarize
-- ----------------------------
DROP TABLE IF EXISTS `workflow_summarize`;
CREATE TABLE `workflow_summarize` (
  `id` varchar(36) NOT NULL COMMENT 'ID',
  `type` char(36) DEFAULT NULL COMMENT '',
  `title` varchar(100) DEFAULT NULL COMMENT '',
  `reason` varchar(500) DEFAULT NULL COMMENT '',
  `summarize_start_time` date DEFAULT NULL COMMENT '',
  `summarize_end_time` date DEFAULT NULL COMMENT '',
  `instance_id` varchar(36) DEFAULT NULL COMMENT 'ID',
  `state` char(1) DEFAULT NULL COMMENT '',
  `create_name` varchar(36) DEFAULT NULL COMMENT '',
  `create_by` varchar(64) NOT NULL DEFAULT '' COMMENT '',
  `create_time` datetime DEFAULT NULL COMMENT '',
  `update_time` datetime DEFAULT NULL COMMENT '',
  `real_name` varchar(255) DEFAULT NULL,
  `show_name` varchar(255) DEFAULT NULL,
  `file_path` varchar(255) DEFAULT NULL,
  PRIMARY KEY (`id`,`create_by`)
) ENGINE=InnoDB DEFAULT CHARSET=utf8 ROW_FORMAT=DYNAMIC COMMENT='';

-- ----------------------------
-- Records of workflow_summarize
-- ----------------------------
INSERT INTO `workflow_summarize` VALUES ('8e303256-70fa-40b9-a501-736b6e465b99', '', '', 'saa', '2020-12-02', '2020-12-11', '1e628dd5-4a7b-11eb-ba86-5aa02364495c', '0', '', 'zhugeliang', '2020-12-30 16:43:42', null, null, null, null);

-- ----------------------------
-- Table structure for workflow_trialrun
-- ----------------------------
DROP TABLE IF EXISTS `workflow_trialrun`;
CREATE TABLE `workflow_trialrun` (
  `id` varchar(36) NOT NULL COMMENT 'ID',
  `type` char(36) DEFAULT NULL COMMENT '',
  `title` varchar(100) DEFAULT NULL COMMENT '',
  `reason` varchar(500) DEFAULT NULL COMMENT '',
  `summarize_start_time` date DEFAULT NULL COMMENT '',
  `summarize_end_time` date DEFAULT NULL COMMENT '',
  `instance_id` varchar(36) DEFAULT NULL COMMENT 'ID',
  `state` char(1) DEFAULT NULL COMMENT '',
  `create_name` varchar(36) DEFAULT NULL COMMENT '',
  `create_by` varchar(64) NOT NULL DEFAULT '' COMMENT '',
  `create_time` datetime DEFAULT NULL COMMENT '',
  `update_time` datetime DEFAULT NULL COMMENT '',
  `real_name` varchar(255) DEFAULT NULL,
  `show_name` varchar(255) DEFAULT NULL,
  `file_path` varchar(255) DEFAULT NULL,
  PRIMARY KEY (`id`,`create_by`)
) ENGINE=InnoDB DEFAULT CHARSET=utf8 ROW_FORMAT=DYNAMIC COMMENT='';

-- ----------------------------
-- Records of workflow_trialrun
-- ----------------------------
INSERT INTO `workflow_trialrun` VALUES ('8e303256-70fa-40b9-a501-736b6e465b99', '', '', 'saa', '2020-12-02', '2020-12-11', '1e628dd5-4a7b-11eb-ba86-5aa02364495c', '0', '', 'zhugeliang', '2020-12-30 16:43:42', null, null, null, null);
